slice_file_name,fsID,start,end,salience,fold,classID,class_name
Lider (1).wav,1,0.54,0.801,2,1,1,LIDER
Lider (2).wav,2,0.63,0.852,2,1,1,LIDER
Lider (3).wav,3,0.64,0.853,2,1,1,LIDER
Lider (4).wav,4,0.415,0.54,2,1,1,LIDER
Lider (5).wav,5,0.415,0.6,2,1,1,LIDER
Lider (6).wav,6,0.4152,0.58,2,1,1,LIDER
Lider (7).wav,7,0.51,0.857,2,1,1,LIDER
Lider (8).wav,8,0.672,0.858,2,1,1,LIDER
Lider (9).wav,9,0.552,0.859,2,1,1,LIDER
Lider (10).wav,10,0.723,0.86,2,1,1,LIDER
Lider (11).wav,11,0.45,0.861,2,1,1,LIDER
Lider (12).wav,12,0.563,0.862,2,1,1,LIDER
Lider (13).wav,13,0.84,0.863,2,1,1,LIDER
Lider (14).wav,14,0.705,0.864,2,1,1,LIDER
Lider (15).wav,15,0.46,0.865,2,1,1,LIDER
Lider (16).wav,16,0.4512,0.866,2,1,1,LIDER
Lider (17).wav,17,0.6043,0.867,2,1,1,LIDER
Lider (18).wav,18,0.7905,0.868,2,1,1,LIDER
Lider (19).wav,19,0.41502,0.602,2,1,1,LIDER
Lider (20).wav,20,0.41503,0.603,2,1,1,LIDER
Lider (21).wav,21,0.41504,0.604,2,1,1,LIDER
Lider (22).wav,22,0.41505,0.605,2,1,1,LIDER
Lider (23).wav,23,0.41506,0.606,2,1,1,LIDER
Lider (24).wav,24,0.41507,0.607,2,1,1,LIDER
Lider (25).wav,25,0.41508,0.608,2,1,1,LIDER
Lider (26).wav,26,0.41509,0.609,2,1,1,LIDER
Lider (27).wav,27,0.4151,0.61,2,1,1,LIDER
Lider (28).wav,28,0.41511,0.611,2,1,1,LIDER
Lider (29).wav,29,0.41512,0.612,2,1,1,LIDER
Lider (30).wav,30,0.41513,0.613,2,1,1,LIDER
Lider (31).wav,31,0.41514,0.614,2,1,1,LIDER
Lider (32).wav,32,0.41515,0.615,2,1,1,LIDER
Lider (33).wav,33,0.41516,0.616,2,1,1,LIDER
Lider (34).wav,34,0.41517,0.617,2,1,1,LIDER
Lider (35).wav,35,0.41518,0.618,2,1,1,LIDER
Lider (36).wav,36,0.41519,0.619,2,1,1,LIDER
Lider (37).wav,37,0.4152,0.62,2,1,1,LIDER
Lider (38).wav,38,0.41521,0.621,2,1,1,LIDER
Lider (39).wav,39,0.5303,0.751,2,1,1,LIDER
Lider (40).wav,40,0.5304,0.752,2,1,1,LIDER
Lider (41).wav,41,0.5305,0.755,2,1,1,LIDER
Lider (42).wav,42,0.5306,0.7551,2,1,1,LIDER
Lider (43).wav,43,0.5307,0.7552,2,1,1,LIDER
Lider (44).wav,44,0.5308,0.756,2,1,1,LIDER
Lider (45).wav,45,0.5309,0.75899,2,1,1,LIDER
Lider (46).wav,46,0.531,0.759,2,1,1,LIDER
Lider (47).wav,47,0.5311,0.75901,2,1,1,LIDER
Lider (48).wav,48,0.5312,0.75902,2,1,1,LIDER
Lider (49).wav,49,0.5313,0.75903,2,1,1,LIDER
Lider (50).wav,50,0.5314,0.75904,2,1,1,LIDER
Lider (51).wav,51,0.5315,0.75905,2,1,1,LIDER
Lider (52).wav,52,0.5316,0.75906,2,1,1,LIDER
Lider (53).wav,53,0.5317,0.75907,2,1,1,LIDER
Lider (54).wav,54,0.5318,0.75908,2,1,1,LIDER
Lider (55).wav,55,0.5319,0.75909,2,1,1,LIDER
Lider (56).wav,56,0.532,0.7591,2,1,1,LIDER
Lider (57).wav,57,0.5321,0.75911,2,1,1,LIDER
Lider (58).wav,58,0.5322,0.75912,2,1,1,LIDER
Lider (59).wav,59,0.5505,0.76301,2,1,1,LIDER
Lider (60).wav,60,0.5506,0.76302,2,1,1,LIDER
Lider (61).wav,61,0.5507,0.76303,2,1,1,LIDER
Lider (62).wav,62,0.5508,0.76304,2,1,1,LIDER
Lider (63).wav,63,0.5509,0.76305,2,1,1,LIDER
Lider (64).wav,64,0.551,0.76306,2,1,1,LIDER
Lider (65).wav,65,0.5511,0.76307,2,1,1,LIDER
Lider (66).wav,66,0.5512,0.76308,2,1,1,LIDER
Lider (67).wav,67,0.5513,0.76309,2,1,1,LIDER
Lider (68).wav,68,0.5514,0.7631,2,1,1,LIDER
Lider (69).wav,69,0.5515,0.76311,2,1,1,LIDER
Lider (70).wav,70,0.5516,0.76312,2,1,1,LIDER
Lider (71).wav,71,0.5517,0.76313,2,1,1,LIDER
Lider (72).wav,72,0.5518,0.76314,2,1,1,LIDER
Lider (73).wav,73,0.5519,0.76315,2,1,1,LIDER
Lider (74).wav,74,0.552,0.76316,2,1,1,LIDER
Lider (75).wav,75,0.5521,0.76317,2,1,1,LIDER
Lider (76).wav,76,0.5522,0.77345,2,1,1,LIDER
Lider (77).wav,77,0.5523,0.77346,2,1,1,LIDER
Lider (78).wav,78,0.5524,0.77347,2,1,1,LIDER
Lider (79).wav,79,0.5525,0.77348,2,1,1,LIDER
Lider (80).wav,80,0.5526,0.77349,2,1,1,LIDER
Lider (81).wav,81,0.5527,0.7735,2,1,1,LIDER
Lider (82).wav,82,0.5528,0.77351,2,1,1,LIDER
Lider (83).wav,83,0.5529,0.77352,2,1,1,LIDER
Lider (84).wav,84,0.553,0.77353,2,1,1,LIDER
Lider (85).wav,85,0.5531,0.77354,2,1,1,LIDER
Lider (86).wav,86,0.5532,0.77355,2,1,1,LIDER
Lider (87).wav,87,0.5533,0.77356,2,1,1,LIDER
Lider (88).wav,88,0.5534,0.77357,2,1,1,LIDER
Lider (89).wav,89,0.5535,0.77358,2,1,1,LIDER
Lider (90).wav,90,0.5536,0.77359,2,1,1,LIDER
Lider (91).wav,91,0.5537,0.7736,2,1,1,LIDER
Lider (92).wav,92,0.5538,0.77361,2,1,1,LIDER
Lider (93).wav,93,0.5539,0.77362,2,1,1,LIDER
Lider (94).wav,94,0.554,0.77363,2,1,1,LIDER
Lider (95).wav,95,0.5541,0.77364,2,1,1,LIDER
Lider (96).wav,96,0.5542,0.77365,2,1,1,LIDER
Lider (97).wav,97,0.5543,0.77366,2,1,1,LIDER
Lider (98).wav,98,0.5544,0.77367,2,1,1,LIDER
Lider (99).wav,99,0.5545,0.77368,2,1,1,LIDER
Lider (100).wav,100,0.5546,0.78341,2,1,1,LIDER
Lider (101).wav,101,0.5547,0.78342,2,1,1,LIDER
Lider (102).wav,102,0.5548,0.78343,2,1,1,LIDER
Lider (103).wav,103,0.5549,0.78344,2,1,1,LIDER
Lider (104).wav,104,0.555,0.78345,2,1,1,LIDER
Lider (105).wav,105,0.5551,0.78346,2,1,1,LIDER
Lider (106).wav,106,0.5552,0.78347,2,1,1,LIDER
Lider (107).wav,107,0.5553,0.78348,2,1,1,LIDER
Lider (108).wav,108,0.5554,0.78349,2,1,1,LIDER
Lider (109).wav,109,0.5555,0.7835,2,1,1,LIDER
Lider (110).wav,110,0.5556,0.78351,2,1,1,LIDER
Lider (111).wav,111,0.5557,0.78352,2,1,1,LIDER
Lider (112).wav,112,0.5558,0.78353,2,1,1,LIDER
Lider (113).wav,113,0.5559,0.78354,2,1,1,LIDER
Lider (114).wav,114,0.556,0.78355,2,1,1,LIDER
Lider (115).wav,115,0.5561,0.78356,2,1,1,LIDER
Lider (116).wav,116,0.5562,0.78357,2,1,1,LIDER
Lider (117).wav,117,0.5563,0.78358,2,1,1,LIDER
Lider (118).wav,118,0.5564,0.78359,2,1,1,LIDER
Lider (119).wav,119,0.5565,0.7836,2,1,1,LIDER
Lider (120).wav,120,0.5566,0.78361,2,1,1,LIDER
Lider (121).wav,121,0.5567,0.78362,2,1,1,LIDER
Lider (122).wav,122,0.5568,0.78363,2,1,1,LIDER
Lider (123).wav,123,0.5569,0.78364,2,1,1,LIDER
Lider (124).wav,124,0.557,0.78365,2,1,1,LIDER
Lider (125).wav,125,0.5571,0.78366,2,1,1,LIDER
Lider (126).wav,126,0.5572,0.78367,2,1,1,LIDER
Lider (127).wav,127,0.5573,0.78368,2,1,1,LIDER
Lider (128).wav,128,0.5574,0.78369,2,1,1,LIDER
Lider (129).wav,129,0.5575,0.7837,2,1,1,LIDER
Lider (130).wav,130,0.5576,0.78371,2,1,1,LIDER
Lider (131).wav,131,0.5577,0.78372,2,1,1,LIDER
Lider (132).wav,132,0.5578,0.78373,2,1,1,LIDER
Lider (133).wav,133,0.5579,0.78374,2,1,1,LIDER
Lider (134).wav,134,0.558,0.78375,2,1,1,LIDER
Lider (135).wav,135,0.5581,0.78376,2,1,1,LIDER
Lider (136).wav,136,0.5582,0.78377,2,1,1,LIDER
Lider (137).wav,137,0.5583,0.78378,2,1,1,LIDER
Lider (138).wav,138,0.5584,0.78379,2,1,1,LIDER
Lider (139).wav,139,0.5585,0.7838,2,1,1,LIDER
Lider (140).wav,140,0.5586,0.78381,2,1,1,LIDER
Lider (141).wav,141,0.5587,0.78382,2,1,1,LIDER
Lider (142).wav,142,0.5588,0.78383,2,1,1,LIDER
Lider (143).wav,143,0.5589,0.78384,2,1,1,LIDER
Lider (144).wav,144,0.559,0.78385,2,1,1,LIDER
Lider (145).wav,145,0.5591,0.78386,2,1,1,LIDER
Lider (146).wav,146,0.5592,0.78387,2,1,1,LIDER
Lider (147).wav,147,0.5593,0.78388,2,1,1,LIDER
Lider (148).wav,148,0.5594,0.78389,2,1,1,LIDER
Lider (149).wav,149,0.5595,0.7839,2,1,1,LIDER
Lider (150).wav,150,0.5596,0.78391,2,1,1,LIDER
Lider (151).wav,151,0.5597,0.78392,2,1,1,LIDER
Lider (152).wav,152,0.5598,0.78393,2,1,1,LIDER
Lider (153).wav,153,0.5599,0.77642,2,1,1,LIDER
Lider (154).wav,154,0.56,0.77643,2,1,1,LIDER
Lider (155).wav,155,0.5601,0.77644,2,1,1,LIDER
Lider (156).wav,156,0.5602,0.77645,2,1,1,LIDER
Lider (157).wav,157,0.5603,0.77646,2,1,1,LIDER
Lider (158).wav,158,0.5604,0.77647,2,1,1,LIDER
Lider (159).wav,159,0.5605,0.77648,2,1,1,LIDER
Lider (160).wav,160,0.5606,0.77649,2,1,1,LIDER
Lider (161).wav,161,0.5607,0.7765,2,1,1,LIDER
Lider (162).wav,162,0.5608,0.77651,2,1,1,LIDER
Lider (163).wav,163,0.5609,0.77652,2,1,1,LIDER
Lider (164).wav,164,0.561,0.77653,2,1,1,LIDER
Lider (165).wav,165,0.5611,0.77654,2,1,1,LIDER
Lider (166).wav,166,0.5612,0.77655,2,1,1,LIDER
Lider (167).wav,167,0.5613,0.77656,2,1,1,LIDER
Lider (168).wav,168,0.5614,0.77657,2,1,1,LIDER
Lider (169).wav,169,0.5615,0.77658,2,1,1,LIDER
Lider (170).wav,170,0.5616,0.77659,2,1,1,LIDER
Lider (171).wav,171,0.5617,0.7766,2,1,1,LIDER
Lider (172).wav,172,0.5618,0.77661,2,1,1,LIDER
Lider (173).wav,173,0.5619,0.77662,2,1,1,LIDER
Lider (174).wav,174,0.562,0.77663,2,1,1,LIDER
Lider (175).wav,175,0.5621,0.77664,2,1,1,LIDER
Lider (176).wav,176,0.702,0.9487,2,1,1,LIDER
Lider (177).wav,177,0.703,0.9488,2,1,1,LIDER
Lider (178).wav,178,0.704,0.9489,2,1,1,LIDER
Lider (179).wav,179,0.705,0.949,2,1,1,LIDER
Lider (180).wav,180,0.706,0.9491,2,1,1,LIDER
Lider (181).wav,181,0.707,0.9492,2,1,1,LIDER
Lider (182).wav,182,0.708,0.9493,2,1,1,LIDER
Lider (183).wav,183,0.709,0.9494,2,1,1,LIDER
Lider (184).wav,184,0.71,0.9495,2,1,1,LIDER
Lider (185).wav,185,0.711,0.9496,2,1,1,LIDER
Lider (186).wav,186,0.712,0.9497,2,1,1,LIDER
Lider (187).wav,187,0.713,0.9498,2,1,1,LIDER
Lider (188).wav,188,0.714,0.9499,2,1,1,LIDER
Lider (189).wav,189,0.715,0.95,2,1,1,LIDER
Lider (190).wav,190,0.716,0.9501,2,1,1,LIDER
Lider (191).wav,191,0.461,0.681,2,1,1,LIDER
Lider (192).wav,192,0.462,0.6811,2,1,1,LIDER
Lider (193).wav,193,0.568,0.808,2,1,1,LIDER
Lider (194).wav,194,0.415,0.622,2,1,1,LIDER
Lider (195).wav,195,0.556,0.769,2,1,1,LIDER
Lider (196).wav,196,0.604,0.829,2,1,1,LIDER
Lider (197).wav,197,0.7455,0.97,2,1,1,LIDER
Lider (198).wav,198,0.555,0.79,2,1,1,LIDER
Lider (199).wav,199,0.415,0.6,2,1,1,LIDER
Lider (200).wav,200,0.65,0.9,2,1,1,LIDER
Lider (201).wav,201,0.71,0.95,2,1,1,LIDER
Lider (202).wav,202,0.45,0.68,2,1,1,LIDER
Lider (203).wav,203,0.59,0.82,2,1,1,LIDER
Lider (204).wav,204,0.4151,0.566,2,1,1,LIDER
Lider (205).wav,205,0.4151,0.59,2,1,1,LIDER
Lider (206).wav,206,0.415,0.55,2,1,1,LIDER
Lider (207).wav,207,0.487,0.71,2,1,1,LIDER
Lider (208).wav,208,0.415,0.61,2,1,1,LIDER
Lider (209).wav,209,0.5735,0.8,2,1,1,LIDER
Lider (210).wav,210,0.555,0.78,2,1,1,LIDER
Lider (211).wav,211,0.416,0.6,2,1,1,LIDER
Lider (212).wav,212,0.61,0.84,2,1,1,LIDER
Lider (213).wav,213,0.6645,0.9,2,1,1,LIDER
Lider (214).wav,214,0.604,0.83,2,1,1,LIDER
Lider (215).wav,215,0.678,0.9,2,1,1,LIDER
Lider (216).wav,216,0.587,0.85,2,1,1,LIDER
Lider (217).wav,217,0.674,0.9,2,1,1,LIDER
Lider (218).wav,218,0.83,1.05,2,1,1,LIDER
Lider (219).wav,219,0.612,0.85,2,1,1,LIDER
Lider (220).wav,220,0.638,0.85,2,1,1,LIDER
Lider (221).wav,221,0.6075,0.82,2,1,1,LIDER
Lider (222).wav,222,0.72,0.95,2,1,1,LIDER
Lider (223).wav,223,0.842,1.05,2,1,1,LIDER
Lider (224).wav,224,0.685,0.94,2,1,1,LIDER
Lider (225).wav,225,0.73,0.94,2,1,1,LIDER
Lider (226).wav,226,0.724,0.94,2,1,1,LIDER
Lider (227).wav,227,0.5815,0.8,2,1,1,LIDER
Lider (228).wav,228,0.562,0.8,2,1,1,LIDER
Lider (229).wav,229,0.6711,0.89,2,1,1,LIDER
Lider (230).wav,230,0.5815,0.8,2,1,1,LIDER
Lider (231).wav,231,0.45,0.68,2,1,1,LIDER
Lider (232).wav,232,0.614,0.83,2,1,1,LIDER
Lider (233).wav,233,0.438,0.68,2,1,1,LIDER
Lider (234).wav,234,0.8,1.03,2,1,1,LIDER
Lider (235).wav,235,0.578,0.81,2,1,1,LIDER
Lider (236).wav,236,0.61,0.84,2,1,1,LIDER
Lider (237).wav,237,0.557,0.77,2,1,1,LIDER
Lider (238).wav,238,0.549,0.758,2,1,1,LIDER
Lider (239).wav,239,0.756,0.97,2,1,1,LIDER
Lider (240).wav,240,0.7445,0.965,2,1,1,LIDER
Lider (241).wav,241,0.67,0.92,2,1,1,LIDER
Lider (242).wav,242,0.7135,0.95,2,1,1,LIDER
Lider (243).wav,243,0.62,0.83,2,1,1,LIDER
Lider (244).wav,244,0.67,0.9,2,1,1,LIDER
Lider (245).wav,245,0.6071,0.83,2,1,1,LIDER
Lider (246).wav,246,0.738,0.97,2,1,1,LIDER
Lider (247).wav,247,0.72,0.98,2,1,1,LIDER
Lider (248).wav,248,0.6,0.85,2,1,1,LIDER
Lider (249).wav,249,0.5975,0.837,2,1,1,LIDER
Lider (250).wav,250,0.58,0.82,2,1,1,LIDER
Lider (251).wav,251,0.94,1.15,2,1,1,LIDER
Lider (252).wav,252,0.52,0.76,2,1,1,LIDER
Lider (253).wav,253,0.69,0.93,2,1,1,LIDER
Lider (254).wav,254,0.54,0.78,2,1,1,LIDER
Lider (255).wav,255,0.65,0.87,2,1,1,LIDER
Lider (256).wav,256,0.6345,0.86,2,1,1,LIDER
Lider (257).wav,257,0.62,0.86,2,1,1,LIDER
Lider (258).wav,258,0.61,0.83,2,1,1,LIDER
Lider (259).wav,259,0.625,0.86,2,1,1,LIDER
Lider (260).wav,260,0.67,0.9,2,1,1,LIDER
Lider (261).wav,261,0.74,0.98,2,1,1,LIDER
Lider (262).wav,262,0.67,0.94,2,1,1,LIDER
Lider (263).wav,263,0.67,0.82,2,1,1,LIDER
Lider (264).wav,264,0.86,1.09,2,1,1,LIDER
Lider (265).wav,265,0.684,0.9,2,1,1,LIDER
Lider (266).wav,266,0.67,0.92,2,1,1,LIDER
Lider (267).wav,267,0.415,0.64,2,1,1,LIDER
Lider (268).wav,268,0.648,0.865,2,1,1,LIDER
Lider (269).wav,269,0.47,0.7,2,1,1,LIDER
Lider (270).wav,270,0.5,0.75,2,1,1,LIDER
Lider (271).wav,271,0.428,0.675,2,1,1,LIDER
Lider (272).wav,272,1.17,1.42,2,1,1,LIDER
Lider (273).wav,273,0.416,0.54,2,1,1,LIDER
Lider (274).wav,274,0.422,0.66,2,1,1,LIDER
Lider (275).wav,275,0.428,0.67,2,1,1,LIDER
Lider (276).wav,276,0.53,0.78,2,1,1,LIDER
Lider (277).wav,277,0.527,0.76,2,1,1,LIDER
Lider (278).wav,278,0.57,0.8,2,1,1,LIDER
Lider (279).wav,279,0.416,0.498,2,1,1,LIDER
Lider (280).wav,280,0.471,0.69,2,1,1,LIDER
Lider (281).wav,281,0.6435,0.9,2,1,1,LIDER
Lider (282).wav,282,0.415,0.597,2,1,1,LIDER
Lider (283).wav,283,1.695,1.925,2,1,1,LIDER
Lider (284).wav,284,0.98,1.23,2,1,1,LIDER
Lider (285).wav,285,0.69,0.95,2,1,1,LIDER
Lider (286).wav,286,0.533,0.78,2,1,1,LIDER
Lider (287).wav,287,0.575,0.81,2,1,1,LIDER
Lider (288).wav,288,0.624,0.88,2,1,1,LIDER
Lider (289).wav,289,0.485,0.735,2,1,1,LIDER
Lider (290).wav,290,0.415,0.58,2,1,1,LIDER
Lider (291).wav,291,0.615,0.86,2,1,1,LIDER
Lider (292).wav,292,0.669,0.9185,2,1,1,LIDER
Lider (293).wav,293,0.57,0.82,2,1,1,LIDER
Lider (294).wav,294,0.4155,0.61,2,1,1,LIDER
Lider (295).wav,295,0.527,0.8,2,1,1,LIDER
Lider (296).wav,296,0.504,0.77,2,1,1,LIDER
Lider (297).wav,297,0.581,0.8295,2,1,1,LIDER
Lider (298).wav,298,0.494,0.76,2,1,1,LIDER
Lider (299).wav,299,0.598,0.78,2,1,1,LIDER
Lider (300).wav,300,0.693,0.91,2,1,1,LIDER
Lider (301).wav,301,0.6715,0.895,2,1,1,LIDER
Lider (302).wav,302,0.738,0.95,2,1,1,LIDER
Lider (303).wav,303,0.5859,0.82,2,1,1,LIDER
Lider (304).wav,304,0.674,0.914,2,1,1,LIDER
Lider (305).wav,305,0.712,0.94,2,1,1,LIDER
Lider (306).wav,306,0.59,0.83,2,1,1,LIDER
Lider (307).wav,307,0.4978,0.715,2,1,1,LIDER
Lider (308).wav,308,0.537,0.745,2,1,1,LIDER
Lider (309).wav,309,0.774,1,2,1,1,LIDER
Lider (310).wav,310,0.56,0.78,2,1,1,LIDER
Lider (311).wav,311,0.669,0.89,2,1,1,LIDER
Lider (312).wav,312,0.485,0.715,2,1,1,LIDER
Lider (313).wav,313,0.557,0.825,2,1,1,LIDER
Lider (314).wav,314,0.419,0.67,2,1,1,LIDER
Lider (315).wav,315,0.644,0.895,2,1,1,LIDER
Lider (316).wav,316,0.4909,0.73,2,1,1,LIDER
Lider (317).wav,317,0.5509,0.765,2,1,1,LIDER
Lider (318).wav,318,0.622,0.87,2,1,1,LIDER
Lider (319).wav,319,0.4255,0.65,2,1,1,LIDER
Lider (320).wav,320,0.415,0.57,2,1,1,LIDER
Lider (321).wav,321,0.583,0.82,2,1,1,LIDER
Lider (322).wav,322,0.611,0.85,2,1,1,LIDER
Lider (323).wav,323,0.5165,0.752,2,1,1,LIDER
Lider (324).wav,324,0.834,1.09,2,1,1,LIDER
Lider (325).wav,325,0.4985,0.72,2,1,1,LIDER
Lider (326).wav,326,0.714,0.95,2,1,1,LIDER
Lider (327).wav,327,0.546,0.78,2,1,1,LIDER
Lider (328).wav,328,0.578,0.81,2,1,1,LIDER
Lider (329).wav,329,0.519,0.74,2,1,1,LIDER
Lider (330).wav,330,1.018,1.22,2,1,1,LIDER
Lider (331).wav,331,0.505,0.745,2,1,1,LIDER
Lider (332).wav,332,0.598,0.84,2,1,1,LIDER
Lider (333).wav,333,0.6,0.84,2,1,1,LIDER
Lider (334).wav,334,0.7048,0.945,2,1,1,LIDER
Lider (335).wav,335,0.415,0.63,2,1,1,LIDER
Lider (336).wav,336,0.616,0.85,2,1,1,LIDER
Lider (337).wav,337,0.415,0.64,2,1,1,LIDER
Lider (338).wav,338,0.484,0.725,2,1,1,LIDER
Lider (339).wav,339,0.43708,0.66,2,1,1,LIDER
Lider (340).wav,340,0.48,0.7,2,1,1,LIDER
Lider (341).wav,341,0.591,0.83,2,1,1,LIDER
Lider (342).wav,342,0.615,0.857,2,1,1,LIDER
Lider (343).wav,343,0.56,0.801,2,1,1,LIDER
Lider (344).wav,344,0.547,0.786,2,1,1,LIDER
Lider (345).wav,345,0.492,0.739,2,1,1,LIDER
Lider (346).wav,346,0.702,0.973,2,1,1,LIDER
Lider (347).wav,347,0.615,0.852,2,1,1,LIDER
Lider (348).wav,348,0.734,0.975,2,1,1,LIDER
Lider (349).wav,349,0.467,0.729,2,1,1,LIDER
Lider (350).wav,350,0.582,0.819,2,1,1,LIDER
Lider (351).wav,351,0.756,0.965,2,1,1,LIDER
Lider (352).wav,352,0.549,0.771,2,1,1,LIDER
Lider (353).wav,353,0.458,0.692,2,1,1,LIDER
Lider (354).wav,354,0.669,0.909,2,1,1,LIDER
Lider (355).wav,355,0.595,0.828,2,1,1,LIDER
Lider (356).wav,356,0.834,1.069,2,1,1,LIDER
Lider (357).wav,357,0.584,0.814,2,1,1,LIDER
Lider (358).wav,358,0.484,0.71,2,1,1,LIDER
Lider (359).wav,359,0.483,0.718,2,1,1,LIDER
Lider (360).wav,360,0.417,0.578,2,1,1,LIDER
Lider (361).wav,361,0.48,0.715,2,1,1,LIDER
Lider (362).wav,362,0.705,0.976,2,1,1,LIDER
Lider (363).wav,363,0.585,0.806,2,1,1,LIDER
Lider (364).wav,364,0.632,0.856,2,1,1,LIDER
Lider (365).wav,365,0,0.223,2,1,1,LIDER
Lider (366).wav,366,0.591,0.817,2,1,1,LIDER
Lider (367).wav,367,0.516,0.74,2,1,1,LIDER
Lider (368).wav,368,0.61,0.847,2,1,1,LIDER
Lider (369).wav,369,0.517,0.74,2,1,1,LIDER
Lider (370).wav,370,0.653,0.875,2,1,1,LIDER
Lider (371).wav,371,0.417,0.509,2,1,1,LIDER
Lider (372).wav,372,0.447,0.673,2,1,1,LIDER
Lider (373).wav,373,0.478,0.726,2,1,1,LIDER
Lider (374).wav,374,0.642,0.856,2,1,1,LIDER
Lider (375).wav,375,0.432,0.679,2,1,1,LIDER
Lider (376).wav,376,0.617,0.86,2,1,1,LIDER
Lider (377).wav,377,0.491,0.742,2,1,1,LIDER
Lider (378).wav,378,0.475,0.693,2,1,1,LIDER
Lider (379).wav,379,0.528,0.769,2,1,1,LIDER
Lider (380).wav,380,0.487,0.729,2,1,1,LIDER
Lider (381).wav,381,0.522,0.751,2,1,1,LIDER
Lider (382).wav,382,0.676,0.903,2,1,1,LIDER
Lider (383).wav,383,0.599,0.834,2,1,1,LIDER
Lider (384).wav,384,0.688,0.921,2,1,1,LIDER
Lider (385).wav,385,0.462,0.691,2,1,1,LIDER
Lider (386).wav,386,0.515,0.774,2,1,1,LIDER
Lider (387).wav,387,0.564,0.812,2,1,1,LIDER
Lider (388).wav,388,0.574,0.824,2,1,1,LIDER
Lider (389).wav,389,0.446,0.702,2,1,1,LIDER
Lider (390).wav,390,0.599,0.86,2,1,1,LIDER
Lider (391).wav,391,0.637,0.887,2,1,1,LIDER
Lider (392).wav,392,0.526,0.781,2,1,1,LIDER
Lider (393).wav,393,0.62,0.852,2,1,1,LIDER
Lider (394).wav,394,0.624,0.862,2,1,1,LIDER
Lider (395).wav,395,0.565,0.818,2,1,1,LIDER
Lider (396).wav,396,0.414,0.592,2,1,1,LIDER
Lider (397).wav,397,0.469,0.715,2,1,1,LIDER
Lider (398).wav,398,0.542,0.769,2,1,1,LIDER
Lider (399).wav,399,0.416,0.562,2,1,1,LIDER
Lider (400).wav,400,0.549,0.795,2,1,1,LIDER
Lider (401).wav,401,0.69,0.927,2,1,1,LIDER
Lider (402).wav,402,0.557,0.773,2,1,1,LIDER
Lider (403).wav,403,0.69,0.936,2,1,1,LIDER
Lider (404).wav,404,0.668,0.88,2,1,1,LIDER
Lider (405).wav,405,0.673,0.916,2,1,1,LIDER
Lider (406).wav,406,0.564,0.786,2,1,1,LIDER
Lider (407).wav,407,0.529,0.776,2,1,1,LIDER
Lider (408).wav,408,0.485,0.721,2,1,1,LIDER
Lider (409).wav,409,0.729,0.957,2,1,1,LIDER
Lider (410).wav,410,0.712,0.957,2,1,1,LIDER
Lider (411).wav,411,0.734,1.029,2,1,1,LIDER
Lider (412).wav,412,0.413,0.645,2,1,1,LIDER
Lider (413).wav,413,0.416,0.446,2,1,1,LIDER
Lider (414).wav,414,0.758,0.927,2,1,1,LIDER
Lider (415).wav,415,0.627,0.863,2,1,1,LIDER
Lider (416).wav,416,0.687,0.962,2,1,1,LIDER
Lider (417).wav,417,0.574,0.802,2,1,1,LIDER
Lider (418).wav,418,0.572,0.79,2,1,1,LIDER
Lider (419).wav,419,0.565,0.825,2,1,1,LIDER
Lider (420).wav,420,0.71,0.985,2,1,1,LIDER
Lider (421).wav,421,0.632,0.871,2,1,1,LIDER
Lider (422).wav,422,0.789,1.049,2,1,1,LIDER
Lider (423).wav,423,0.575,0.818,2,1,1,LIDER
Lider (424).wav,424,0.578,0.828,2,1,1,LIDER
Lider (425).wav,425,0.543,0.811,2,1,1,LIDER
Lider (426).wav,426,0.479,0.722,2,1,1,LIDER
Lider (427).wav,427,0.596,0.822,2,1,1,LIDER
Lider (428).wav,428,0.413,0.605,2,1,1,LIDER
Lider (429).wav,429,0.632,0.902,2,1,1,LIDER
Lider (430).wav,430,0.552,0.809,2,1,1,LIDER
Lider (431).wav,431,0.672,0.916,2,1,1,LIDER
Lider (432).wav,432,0.526,0.778,2,1,1,LIDER
Lider (433).wav,433,1.026,1.299,2,1,1,LIDER
Lider (434).wav,434,0.589,0.862,2,1,1,LIDER
Lider (435).wav,435,0.414,0.636,2,1,1,LIDER
Lider (436).wav,436,0.538,0.78,2,1,1,LIDER
Lider (437).wav,437,0.436,0.697,2,1,1,LIDER
Lider (438).wav,438,0.707,0.952,2,1,1,LIDER
Lider (439).wav,439,0.571,0.791,2,1,1,LIDER
Lider (440).wav,440,0.671,0.906,2,1,1,LIDER
Lider (441).wav,441,0.668,0.902,2,1,1,LIDER
Lider (442).wav,442,0.543,0.797,2,1,1,LIDER
Lider (443).wav,443,0.586,0.818,2,1,1,LIDER
Lider (444).wav,444,0.713,0.944,2,1,1,LIDER
Lider (445).wav,445,0.641,0.857,2,1,1,LIDER
Lider (446).wav,446,0.48,0.746,2,1,1,LIDER
Lider (447).wav,447,0.492,0.752,2,1,1,LIDER
Lider (448).wav,448,0.414,0.669,2,1,1,LIDER
Lider (449).wav,449,0.547,0.797,2,1,1,LIDER
Lider (450).wav,450,0.415,0.64,2,1,1,LIDER
Lider (451).wav,451,0.505,0.77,2,1,1,LIDER
Lider (452).wav,452,1.249,1.493,2,1,1,LIDER
Lider (453).wav,453,0.539,0.763,2,1,1,LIDER
Lider (454).wav,454,0.575,0.818,2,1,1,LIDER
Lider (455).wav,455,0.47,0.709,2,1,1,LIDER
Lider (456).wav,456,0.416,0.659,2,1,1,LIDER
Lider (457).wav,457,1.061,1.295,2,1,1,LIDER
Lider (458).wav,458,0.596,0.811,2,1,1,LIDER
Lider (459).wav,459,0.415,0.614,2,1,1,LIDER
Lider (460).wav,460,0.474,0.695,2,1,1,LIDER
Lider (461).wav,461,0.415,0.521,2,1,1,LIDER
Lider (462).wav,462,0.538,0.779,2,1,1,LIDER
Lider (463).wav,463,0.49,0.739,2,1,1,LIDER
Lider (464).wav,464,0.566,0.796,2,1,1,LIDER
Lider (465).wav,465,0.542,0.748,2,1,1,LIDER
Lider (466).wav,466,1.013,1.248,2,1,1,LIDER
Lider (467).wav,467,0.689,0.889,2,1,1,LIDER
Lider (468).wav,468,0.879,1.029,2,1,1,LIDER
Lider (469).wav,469,0.793,1.002,2,1,1,LIDER
Lider (470).wav,470,1.086,1.315,2,1,1,LIDER
Lider (471).wav,471,0.73,0.964,2,1,1,LIDER
Lider (472).wav,472,0.806,1.021,2,1,1,LIDER
Lider (473).wav,473,0.564,0.833,2,1,1,LIDER
Lider (474).wav,474,0.757,1.002,2,1,1,LIDER
Lider (475).wav,475,0.693,0.92,2,1,1,LIDER
Lider (476).wav,476,0.586,0.827,2,1,1,LIDER
Lider (477).wav,477,0.654,0.867,2,1,1,LIDER
Lider (478).wav,478,0.734,1,2,1,1,LIDER
Lider (479).wav,479,0.769,1.066,2,1,1,LIDER
Lider (480).wav,480,0.518,0.803,2,1,1,LIDER
Lider (481).wav,481,0.531,0.779,2,1,1,LIDER
Lider (482).wav,482,0.841,1.123,2,1,1,LIDER
Lider (483).wav,483,0.475,0.762,2,1,1,LIDER
Lider (484).wav,484,0.619,0.892,2,1,1,LIDER
Lider (485).wav,485,0.56,0.831,2,1,1,LIDER
Lider (486).wav,486,0.607,0.85,2,1,1,LIDER
Lider (487).wav,487,0.543,0.812,2,1,1,LIDER
Lider (488).wav,488,0.684,0.929,2,1,1,LIDER
Lider (489).wav,489,0.415,0.63,2,1,1,LIDER
Lider (490).wav,490,0.519,0.793,2,1,1,LIDER
Lider (491).wav,491,0.497,0.765,2,1,1,LIDER
Lider (492).wav,492,0.587,0.842,2,1,1,LIDER
Lider (493).wav,493,0.536,0.801,2,1,1,LIDER
Lider (494).wav,494,0.535,0.771,2,1,1,LIDER
Lider (495).wav,495,0.472,0.727,2,1,1,LIDER
Lider (496).wav,496,0.558,0.794,2,1,1,LIDER
Lider (497).wav,497,0.415,0.6,2,1,1,LIDER
Lider (498).wav,498,0.565,0.837,2,1,1,LIDER
Lider (499).wav,499,0.441,0.685,2,1,1,LIDER
Lider (500).wav,500,0.568,0.849,2,1,1,LIDER
Nectar (1).wav,1001,0.594,0.712,1,2,2,NECTAR
Nectar (2).wav,1002,0.357,0.54,1,2,2,NECTAR
Nectar (3).wav,1003,0.421,0.615,1,2,2,NECTAR
Nectar (4).wav,1004,0.452,0.625,1,2,2,NECTAR
Nectar (5).wav,1005,0.623,0.494,1,2,2,NECTAR
Nectar (6).wav,1006,0.524,0.594,1,2,2,NECTAR
Nectar (7).wav,1007,0.325,0.9556,1,2,2,NECTAR
Nectar (8).wav,1008,0.46,0.623,1,2,2,NECTAR
Nectar (9).wav,1009,0.427,0.677,1,2,2,NECTAR
Nectar (10).wav,1010,0.428,0.595,1,2,2,NECTAR
Nectar (11).wav,1011,0.429,0.596,1,2,2,NECTAR
Nectar (12).wav,1012,0.43,0.597,1,2,2,NECTAR
Nectar (13).wav,1013,0.431,0.598,1,2,2,NECTAR
Nectar (14).wav,1014,0.432,0.599,1,2,2,NECTAR
Nectar (15).wav,1015,0.433,0.6,1,2,2,NECTAR
Nectar (16).wav,1016,0.434,0.601,1,2,2,NECTAR
Nectar (17).wav,1017,0.435,0.602,1,2,2,NECTAR
Nectar (18).wav,1018,0.436,0.603,1,2,2,NECTAR
Nectar (19).wav,1019,0.437,0.604,1,2,2,NECTAR
Nectar (20).wav,1020,0.438,0.605,1,2,2,NECTAR
Nectar (21).wav,1021,0.439,0.606,1,2,2,NECTAR
Nectar (22).wav,1022,0.44,0.607,1,2,2,NECTAR
Nectar (23).wav,1023,0.441,0.608,1,2,2,NECTAR
Nectar (24).wav,1024,0.442,0.609,1,2,2,NECTAR
Nectar (25).wav,1025,0.443,0.61,1,2,2,NECTAR
Nectar (26).wav,1026,0.444,0.611,1,2,2,NECTAR
Nectar (27).wav,1027,0.445,0.612,1,2,2,NECTAR
Nectar (28).wav,1028,0.446,0.613,1,2,2,NECTAR
Nectar (29).wav,1029,0.447,0.614,1,2,2,NECTAR
Nectar (30).wav,1030,0.448,0.615,1,2,2,NECTAR
Nectar (31).wav,1031,0.449,0.616,1,2,2,NECTAR
Nectar (32).wav,1032,0.452,0.617,1,2,2,NECTAR
Nectar (33).wav,1033,0.451,0.618,1,2,2,NECTAR
Nectar (34).wav,1034,0.324,0.509,1,2,2,NECTAR
Nectar (35).wav,1035,0.325,0.51,1,2,2,NECTAR
Nectar (36).wav,1036,0.326,0.511,1,2,2,NECTAR
Nectar (37).wav,1037,0.327,0.512,1,2,2,NECTAR
Nectar (38).wav,1038,0.328,0.513,1,2,2,NECTAR
Nectar (39).wav,1039,0.329,0.514,1,2,2,NECTAR
Nectar (40).wav,1040,0.33,0.515,1,2,2,NECTAR
Nectar (41).wav,1041,0.331,0.516,1,2,2,NECTAR
Nectar (42).wav,1042,0.332,0.517,1,2,2,NECTAR
Nectar (43).wav,1043,0.333,0.518,1,2,2,NECTAR
Nectar (44).wav,1044,0.334,0.519,1,2,2,NECTAR
Nectar (45).wav,1045,0.335,0.52,1,2,2,NECTAR
Nectar (46).wav,1046,0.336,0.521,1,2,2,NECTAR
Nectar (47).wav,1047,0.337,0.522,1,2,2,NECTAR
Nectar (48).wav,1048,0.338,0.523,1,2,2,NECTAR
Nectar (49).wav,1049,0.339,0.524,1,2,2,NECTAR
Nectar (50).wav,1050,0.34,0.525,1,2,2,NECTAR
Nectar (51).wav,1051,0.341,0.526,1,2,2,NECTAR
Nectar (52).wav,1052,0.342,0.527,1,2,2,NECTAR
Nectar (53).wav,1053,0.343,0.528,1,2,2,NECTAR
Nectar (54).wav,1054,0.576,0.742,1,2,2,NECTAR
Nectar (55).wav,1055,0.577,0.743,1,2,2,NECTAR
Nectar (56).wav,1056,0.578,0.744,1,2,2,NECTAR
Nectar (57).wav,1057,0.579,0.745,1,2,2,NECTAR
Nectar (58).wav,1058,0.58,0.746,1,2,2,NECTAR
Nectar (59).wav,1059,0.581,0.747,1,2,2,NECTAR
Nectar (60).wav,1060,0.582,0.748,1,2,2,NECTAR
Nectar (61).wav,1061,0.583,0.749,1,2,2,NECTAR
Nectar (62).wav,1062,0.584,0.75,1,2,2,NECTAR
Nectar (63).wav,1063,0.585,0.751,1,2,2,NECTAR
Nectar (64).wav,1064,0.586,0.752,1,2,2,NECTAR
Nectar (65).wav,1065,0.587,0.753,1,2,2,NECTAR
Nectar (66).wav,1066,0.588,0.754,1,2,2,NECTAR
Nectar (67).wav,1067,0.589,0.755,1,2,2,NECTAR
Nectar (68).wav,1068,0.59,0.756,1,2,2,NECTAR
Nectar (69).wav,1069,0.591,0.757,1,2,2,NECTAR
Nectar (70).wav,1070,0.592,0.758,1,2,2,NECTAR
Nectar (71).wav,1071,0.593,0.759,1,2,2,NECTAR
Nectar (72).wav,1072,0.594,0.76,1,2,2,NECTAR
Nectar (73).wav,1073,0.595,0.761,1,2,2,NECTAR
Nectar (74).wav,1074,0.604,0.799,1,2,2,NECTAR
Nectar (75).wav,1075,0.584,0.65,1,2,2,NECTAR
Nectar (76).wav,1076,0.646,0.751,1,2,2,NECTAR
Nectar (77).wav,1077,0.675,0.783,1,2,2,NECTAR
Nectar (78).wav,1078,0.676,0.784,1,2,2,NECTAR
Nectar (79).wav,1079,0.645,0.785,1,2,2,NECTAR
Nectar (80).wav,1080,0.68,0.786,1,2,2,NECTAR
Nectar (81).wav,1081,0.623,0.787,1,2,2,NECTAR
Nectar (82).wav,1082,0.68,0.788,1,2,2,NECTAR
Nectar (83).wav,1083,0.373,0.558,1,2,2,NECTAR
Nectar (84).wav,1084,0.374,0.559,1,2,2,NECTAR
Nectar (85).wav,1085,0.375,0.56,1,2,2,NECTAR
Nectar (86).wav,1086,0.376,0.561,1,2,2,NECTAR
Nectar (87).wav,1087,0.377,0.562,1,2,2,NECTAR
Nectar (88).wav,1088,0.378,0.563,1,2,2,NECTAR
Nectar (89).wav,1089,0.379,0.564,1,2,2,NECTAR
Nectar (90).wav,1090,0.38,0.565,1,2,2,NECTAR
Nectar (91).wav,1091,0.381,0.566,1,2,2,NECTAR
Nectar (92).wav,1092,0.382,0.567,1,2,2,NECTAR
Nectar (93).wav,1093,0.383,0.568,1,2,2,NECTAR
Nectar (94).wav,1094,0.384,0.569,1,2,2,NECTAR
Nectar (95).wav,1095,0.385,0.57,1,2,2,NECTAR
Nectar (96).wav,1096,0.386,0.571,1,2,2,NECTAR
Nectar (97).wav,1097,0.387,0.572,1,2,2,NECTAR
Nectar (98).wav,1098,0.388,0.573,1,2,2,NECTAR
Nectar (99).wav,1099,0.389,0.574,1,2,2,NECTAR
Nectar (100).wav,1100,0.39,0.575,1,2,2,NECTAR
Nectar (101).wav,1101,0.391,0.576,1,2,2,NECTAR
Nectar (102).wav,1102,0.392,0.577,1,2,2,NECTAR
Nectar (103).wav,1103,0.393,0.578,1,2,2,NECTAR
Nectar (104).wav,1104,0.394,0.579,1,2,2,NECTAR
Nectar (105).wav,1105,0.395,0.58,1,2,2,NECTAR
Nectar (106).wav,1106,0.396,0.581,1,2,2,NECTAR
Nectar (107).wav,1107,0.397,0.582,1,2,2,NECTAR
Nectar (108).wav,1108,0.398,0.583,1,2,2,NECTAR
Nectar (109).wav,1109,0.399,0.584,1,2,2,NECTAR
Nectar (110).wav,1110,0.4124,0.597,1,2,2,NECTAR
Nectar (111).wav,1111,0.421,0.613,1,2,2,NECTAR
Nectar (112).wav,1112,0.422,0.614,1,2,2,NECTAR
Nectar (113).wav,1113,0.423,0.615,1,2,2,NECTAR
Nectar (114).wav,1114,0.424,0.616,1,2,2,NECTAR
Nectar (115).wav,1115,0.425,0.617,1,2,2,NECTAR
Nectar (116).wav,1116,0.426,0.618,1,2,2,NECTAR
Nectar (117).wav,1117,0.427,0.619,1,2,2,NECTAR
Nectar (118).wav,1118,0.428,0.62,1,2,2,NECTAR
Nectar (119).wav,1119,0.429,0.621,1,2,2,NECTAR
Nectar (120).wav,1120,0.43,0.622,1,2,2,NECTAR
Nectar (121).wav,1121,0.431,0.623,1,2,2,NECTAR
Nectar (122).wav,1122,0.432,0.624,1,2,2,NECTAR
Nectar (123).wav,1123,0.433,0.625,1,2,2,NECTAR
Nectar (124).wav,1124,0.434,0.626,1,2,2,NECTAR
Nectar (125).wav,1125,0.435,0.627,1,2,2,NECTAR
Nectar (126).wav,1126,0.436,0.628,1,2,2,NECTAR
Nectar (127).wav,1127,0.437,0.629,1,2,2,NECTAR
Nectar (128).wav,1128,0.438,0.63,1,2,2,NECTAR
Nectar (129).wav,1129,0.439,0.631,1,2,2,NECTAR
Nectar (130).wav,1130,0.44,0.632,1,2,2,NECTAR
Nectar (131).wav,1131,0.441,0.633,1,2,2,NECTAR
Nectar (132).wav,1132,0.442,0.634,1,2,2,NECTAR
Nectar (133).wav,1133,0.443,0.635,1,2,2,NECTAR
Nectar (134).wav,1134,0.444,0.636,1,2,2,NECTAR
Nectar (135).wav,1135,0.445,0.637,1,2,2,NECTAR
Nectar (136).wav,1136,0.446,0.638,1,2,2,NECTAR
Nectar (137).wav,1137,0.447,0.639,1,2,2,NECTAR
Nectar (138).wav,1138,0.448,0.64,1,2,2,NECTAR
Nectar (139).wav,1139,0.449,0.641,1,2,2,NECTAR
Nectar (140).wav,1140,0.45,0.642,1,2,2,NECTAR
Nectar (141).wav,1141,0.451,0.643,1,2,2,NECTAR
Nectar (142).wav,1142,0.452,0.644,1,2,2,NECTAR
Nectar (143).wav,1143,0.453,0.645,1,2,2,NECTAR
Nectar (144).wav,1144,0.454,0.646,1,2,2,NECTAR
Nectar (145).wav,1145,0.455,0.647,1,2,2,NECTAR
Nectar (146).wav,1146,0.456,0.648,1,2,2,NECTAR
Nectar (147).wav,1147,0.457,0.649,1,2,2,NECTAR
Nectar (148).wav,1148,0.458,0.65,1,2,2,NECTAR
Nectar (149).wav,1149,0.459,0.651,1,2,2,NECTAR
Nectar (150).wav,1150,0.46,0.652,1,2,2,NECTAR
Nectar (151).wav,1151,0.461,0.653,1,2,2,NECTAR
Nectar (152).wav,1152,0.462,0.654,1,2,2,NECTAR
Nectar (153).wav,1153,0.463,0.655,1,2,2,NECTAR
Nectar (154).wav,1154,0.464,0.656,1,2,2,NECTAR
Nectar (155).wav,1155,0.465,0.657,1,2,2,NECTAR
Nectar (156).wav,1156,0.466,0.658,1,2,2,NECTAR
Nectar (157).wav,1157,0.467,0.659,1,2,2,NECTAR
Nectar (158).wav,1158,0.468,0.66,1,2,2,NECTAR
Nectar (159).wav,1159,0.469,0.661,1,2,2,NECTAR
Nectar (160).wav,1160,0.47,0.662,1,2,2,NECTAR
Nectar (161).wav,1161,0.471,0.663,1,2,2,NECTAR
Nectar (162).wav,1162,0.472,0.664,1,2,2,NECTAR
Nectar (163).wav,1163,0.473,0.665,1,2,2,NECTAR
Nectar (164).wav,1164,0.474,0.666,1,2,2,NECTAR
Nectar (165).wav,1165,0.475,0.667,1,2,2,NECTAR
Nectar (166).wav,1166,0.476,0.668,1,2,2,NECTAR
Nectar (167).wav,1167,0.477,0.669,1,2,2,NECTAR
Nectar (168).wav,1168,0.478,0.67,1,2,2,NECTAR
Nectar (169).wav,1169,0.479,0.671,1,2,2,NECTAR
Nectar (170).wav,1170,0.48,0.672,1,2,2,NECTAR
Nectar (171).wav,1171,0.481,0.673,1,2,2,NECTAR
Nectar (172).wav,1172,0.482,0.674,1,2,2,NECTAR
Nectar (173).wav,1173,0.483,0.675,1,2,2,NECTAR
Nectar (174).wav,1174,0.484,0.676,1,2,2,NECTAR
Nectar (175).wav,1175,0.485,0.677,1,2,2,NECTAR
Nectar (176).wav,1176,0.486,0.678,1,2,2,NECTAR
Nectar (177).wav,1177,0.487,0.679,1,2,2,NECTAR
Nectar (178).wav,1178,0.488,0.68,1,2,2,NECTAR
Nectar (179).wav,1179,0.489,0.681,1,2,2,NECTAR
Nectar (180).wav,1180,0.49,0.682,1,2,2,NECTAR
Nectar (181).wav,1181,0.491,0.683,1,2,2,NECTAR
Nectar (182).wav,1182,0.492,0.684,1,2,2,NECTAR
Nectar (183).wav,1183,0.493,0.685,1,2,2,NECTAR
Nectar (184).wav,1184,0.443,0.579,1,2,2,NECTAR
Nectar (185).wav,1185,0.444,0.58,1,2,2,NECTAR
Nectar (186).wav,1186,0.445,0.581,1,2,2,NECTAR
Nectar (187).wav,1187,0.446,0.582,1,2,2,NECTAR
Nectar (188).wav,1188,0.447,0.583,1,2,2,NECTAR
Nectar (189).wav,1189,0.448,0.584,1,2,2,NECTAR
Nectar (190).wav,1190,0.449,0.585,1,2,2,NECTAR
Nectar (191).wav,1191,0.45,0.586,1,2,2,NECTAR
Nectar (192).wav,1192,0.451,0.587,1,2,2,NECTAR
Nectar (193).wav,1193,0.452,0.588,1,2,2,NECTAR
Nectar (194).wav,1194,0.453,0.589,1,2,2,NECTAR
Nectar (195).wav,1195,0.454,0.59,1,2,2,NECTAR
Nectar (196).wav,1196,0.455,0.591,1,2,2,NECTAR
Nectar (197).wav,1197,0.456,0.592,1,2,2,NECTAR
Nectar (198).wav,1198,0.457,0.593,1,2,2,NECTAR
Nectar (199).wav,1199,0.458,0.594,1,2,2,NECTAR
Nectar (200).wav,1200,0.49,0.675,1,2,2,NECTAR
Nectar (201).wav,1201,0.494,0.63,1,2,2,NECTAR
Nectar (202).wav,1202,0.457,0.62,1,2,2,NECTAR
Nectar (203).wav,1203,0.3885,0.505,1,2,2,NECTAR
Nectar (204).wav,1204,0.484,0.625,1,2,2,NECTAR
Nectar (205).wav,1205,0.39,0.494,1,2,2,NECTAR
Nectar (206).wav,1206,0.453,0.594,1,2,2,NECTAR
Nectar (207).wav,1207,0.8015,0.9556,1,2,2,NECTAR
Nectar (208).wav,1208,0.528,0.623,1,2,2,NECTAR
Nectar (209).wav,1209,0.612,0.76,1,2,2,NECTAR
Nectar (210).wav,1210,0.4914,0.642,1,2,2,NECTAR
Nectar (211).wav,1211,0.5723,0.725,1,2,2,NECTAR
Nectar (212).wav,1212,0.512,0.66,1,2,2,NECTAR
Nectar (213).wav,1213,0.537,0.7085,1,2,2,NECTAR
Nectar (214).wav,1214,0.4892,0.63,1,2,2,NECTAR
Nectar (215).wav,1215,0.4862,0.65,1,2,2,NECTAR
Nectar (216).wav,1216,0.364,0.5,1,2,2,NECTAR
Nectar (217).wav,1217,0.4284,0.547,1,2,2,NECTAR
Nectar (218).wav,1218,0.351,0.438,1,2,2,NECTAR
Nectar (219).wav,1219,0.4765,0.64,1,2,2,NECTAR
Nectar (220).wav,1220,0.527,0.679,1,2,2,NECTAR
Nectar (221).wav,1221,0.53,0.671,1,2,2,NECTAR
Nectar (222).wav,1222,0.6855,0.85,1,2,2,NECTAR
Nectar (223).wav,1223,0.51,0.66,1,2,2,NECTAR
Nectar (224).wav,1224,0.599,0.7805,1,2,2,NECTAR
Nectar (225).wav,1225,0.437,0.565,1,2,2,NECTAR
Nectar (226).wav,1226,0.4494,0.62,1,2,2,NECTAR
Nectar (227).wav,1227,0.615,0.79,1,2,2,NECTAR
Nectar (228).wav,1228,0.4935,0.679,1,2,2,NECTAR
Nectar (229).wav,1229,0.51,0.677,1,2,2,NECTAR
Nectar (230).wav,1230,0.4577,0.595,1,2,2,NECTAR
Nectar (231).wav,1231,0.7265,0.8594,1,2,2,NECTAR
Nectar (232).wav,1232,0.55,0.7,1,2,2,NECTAR
Nectar (233).wav,1233,0.5235,0.7015,1,2,2,NECTAR
Nectar (234).wav,1234,0.45,0.6,1,2,2,NECTAR
Nectar (235).wav,1235,0.4058,0.55,1,2,2,NECTAR
Nectar (236).wav,1236,0.445,0.58,1,2,2,NECTAR
Nectar (237).wav,1237,0.585,0.725,1,2,2,NECTAR
Nectar (238).wav,1238,0.435,0.596,1,2,2,NECTAR
Nectar (239).wav,1239,0.425,0.558,1,2,2,NECTAR
Nectar (240).wav,1240,0.533,0.669,1,2,2,NECTAR
Nectar (241).wav,1241,0.47,0.62,1,2,2,NECTAR
Nectar (242).wav,1242,0.4994,0.652,1,2,2,NECTAR
Nectar (243).wav,1243,0.425,0.59,1,2,2,NECTAR
Nectar (244).wav,1244,0.407,0.545,1,2,2,NECTAR
Nectar (245).wav,1245,0.33191,0.4465,1,2,2,NECTAR
Nectar (246).wav,1246,0.396,0.54,1,2,2,NECTAR
Nectar (247).wav,1247,0.42,0.565,1,2,2,NECTAR
Nectar (248).wav,1248,0.332,0.42,1,2,2,NECTAR
Nectar (249).wav,1249,0.4558,0.62,1,2,2,NECTAR
Nectar (250).wav,1250,0.505,0.615,1,2,2,NECTAR
Nectar (251).wav,1251,0.8175,0.963,1,2,2,NECTAR
Nectar (252).wav,1252,0.5257,0.6787,1,2,2,NECTAR
Nectar (253).wav,1253,0.513,0.665,1,2,2,NECTAR
Nectar (254).wav,1254,0.415,0.555,1,2,2,NECTAR
Nectar (255).wav,1255,0.464,0.572,1,2,2,NECTAR
Nectar (256).wav,1256,0.3839,0.51,1,2,2,NECTAR
Nectar (257).wav,1257,0.48,0.624,1,2,2,NECTAR
Nectar (258).wav,1258,0.5295,0.6475,1,2,2,NECTAR
Nectar (259).wav,1259,0.612,0.74,1,2,2,NECTAR
Nectar (260).wav,1260,0.48,0.6065,1,2,2,NECTAR
Nectar (261).wav,1261,0.4,0.535,1,2,2,NECTAR
Nectar (262).wav,1262,0.5009,0.66,1,2,2,NECTAR
Nectar (263).wav,1263,0.54,0.69,1,2,2,NECTAR
Nectar (264).wav,1264,0.578,0.72,1,2,2,NECTAR
Nectar (265).wav,1265,0.5615,0.7091,1,2,2,NECTAR
Nectar (266).wav,1266,0.397,0.525,1,2,2,NECTAR
Nectar (267).wav,1267,0.6413,0.7763,1,2,2,NECTAR
Nectar (268).wav,1268,0.686,0.8339,1,2,2,NECTAR
Nectar (269).wav,1269,0.5363,0.70854,1,2,2,NECTAR
Nectar (270).wav,1270,0.7259,0.86,1,2,2,NECTAR
Nectar (271).wav,1271,0.5,0.65,1,2,2,NECTAR
Nectar (272).wav,1272,0.43,0.54,1,2,2,NECTAR
Nectar (273).wav,1273,0.54,0.68,1,2,2,NECTAR
Nectar (274).wav,1274,0.49,0.67,1,2,2,NECTAR
Nectar (275).wav,1275,0.695,0.852,1,2,2,NECTAR
Nectar (276).wav,1276,0.65,0.835,1,2,2,NECTAR
Nectar (277).wav,1277,0.645,0.775,1,2,2,NECTAR
Nectar (278).wav,1278,0.58,0.73,1,2,2,NECTAR
Nectar (279).wav,1279,0.6,0.765,1,2,2,NECTAR
Nectar (280).wav,1280,0.577,0.725,1,2,2,NECTAR
Nectar (281).wav,1281,0.4,0.533,1,2,2,NECTAR
Nectar (282).wav,1282,0.483,0.63,1,2,2,NECTAR
Nectar (283).wav,1283,0.855,1.017,1,2,2,NECTAR
Nectar (284).wav,1284,0.424,0.52,1,2,2,NECTAR
Nectar (285).wav,1285,0.428,0.54,1,2,2,NECTAR
Nectar (286).wav,1286,0.652,0.755,1,2,2,NECTAR
Nectar (287).wav,1287,0.6085,0.76,1,2,2,NECTAR
Nectar (288).wav,1288,0.677,0.835,1,2,2,NECTAR
Nectar (289).wav,1289,0.597,0.72,1,2,2,NECTAR
Nectar (290).wav,1290,0.647,0.8045,1,2,2,NECTAR
Nectar (291).wav,1291,0.5915,0.76,1,2,2,NECTAR
Nectar (292).wav,1292,0.48573,0.62,1,2,2,NECTAR
Nectar (293).wav,1293,0.498,0.62,1,2,2,NECTAR
Nectar (294).wav,1294,0.609,0.75,1,2,2,NECTAR
Nectar (295).wav,1295,0.555,0.685,1,2,2,NECTAR
Nectar (296).wav,1296,0.6765,0.824,1,2,2,NECTAR
Nectar (297).wav,1297,0.507,0.663,1,2,2,NECTAR
Nectar (298).wav,1298,0.436,0.58,1,2,2,NECTAR
Nectar (299).wav,1299,0.595,0.77,1,2,2,NECTAR
Nectar (300).wav,1300,0.548,0.678,1,2,2,NECTAR
Nectar (301).wav,1301,0.516,0.642,1,2,2,NECTAR
Nectar (302).wav,1302,0.425,0.553,1,2,2,NECTAR
Nectar (303).wav,1303,0.551,0.706,1,2,2,NECTAR
Nectar (304).wav,1304,0.483,0.622,1,2,2,NECTAR
Nectar (305).wav,1305,0.502,0.639,1,2,2,NECTAR
Nectar (306).wav,1306,0.615,0.727,1,2,2,NECTAR
Nectar (307).wav,1307,0.748,0.927,1,2,2,NECTAR
Nectar (308).wav,1308,0.393,0.501,1,2,2,NECTAR
Nectar (309).wav,1309,0.438,0.544,1,2,2,NECTAR
Nectar (310).wav,1310,0.524,0.645,1,2,2,NECTAR
Nectar (311).wav,1311,0.695,0.815,1,2,2,NECTAR
Nectar (312).wav,1312,0.396,0.489,1,2,2,NECTAR
Nectar (313).wav,1313,0.411,0.512,1,2,2,NECTAR
Nectar (314).wav,1314,0.581,0.717,1,2,2,NECTAR
Nectar (315).wav,1315,0.551,0.662,1,2,2,NECTAR
Nectar (316).wav,1316,0.834,0.957,1,2,2,NECTAR
Nectar (317).wav,1317,0.479,0.588,1,2,2,NECTAR
Nectar (318).wav,1318,0.416,0.557,1,2,2,NECTAR
Nectar (319).wav,1319,0.623,0.764,1,2,2,NECTAR
Nectar (320).wav,1320,0.65,0.802,1,2,2,NECTAR
Nectar (321).wav,1321,0.772,0.867,1,2,2,NECTAR
Nectar (322).wav,1322,0.448,0.581,1,2,2,NECTAR
Nectar (323).wav,1323,0.522,0.633,1,2,2,NECTAR
Nectar (324).wav,1324,0.454,0.591,1,2,2,NECTAR
Nectar (325).wav,1325,0.467,0.622,1,2,2,NECTAR
Nectar (326).wav,1326,0.476,0.602,1,2,2,NECTAR
Nectar (327).wav,1327,0.515,0.664,1,2,2,NECTAR
Nectar (328).wav,1328,0.441,0.547,1,2,2,NECTAR
Nectar (329).wav,1329,0.419,0.557,1,2,2,NECTAR
Nectar (330).wav,1330,0.775,0.935,1,2,2,NECTAR
Nectar (331).wav,1331,0.492,0.638,1,2,2,NECTAR
Nectar (332).wav,1332,0.371,0.507,1,2,2,NECTAR
Nectar (333).wav,1333,0.456,0.577,1,2,2,NECTAR
Nectar (334).wav,1334,0.37,0.445,1,2,2,NECTAR
Nectar (335).wav,1335,0.433,0.562,1,2,2,NECTAR
Nectar (336).wav,1336,0.415,0.529,1,2,2,NECTAR
Nectar (337).wav,1337,0.366,0.458,1,2,2,NECTAR
Nectar (338).wav,1338,0.371,0.468,1,2,2,NECTAR
Nectar (339).wav,1339,0.385,0.485,1,2,2,NECTAR
Nectar (340).wav,1340,0.618,0.724,1,2,2,NECTAR
Nectar (341).wav,1341,0.416,0.514,1,2,2,NECTAR
Nectar (342).wav,1342,0.391,0.489,1,2,2,NECTAR
Nectar (343).wav,1343,0.531,0.645,1,2,2,NECTAR
Nectar (344).wav,1344,0.425,0.545,1,2,2,NECTAR
Nectar (345).wav,1345,0.443,0.53,1,2,2,NECTAR
Nectar (346).wav,1346,0.532,0.647,1,2,2,NECTAR
Nectar (347).wav,1347,0.479,0.612,1,2,2,NECTAR
Nectar (348).wav,1348,0.413,0.544,1,2,2,NECTAR
Nectar (349).wav,1349,0.389,0.479,1,2,2,NECTAR
Nectar (350).wav,1350,0.332,0.401,1,2,2,NECTAR
Nectar (351).wav,1351,0.401,0.505,1,2,2,NECTAR
Nectar (352).wav,1352,0.453,0.553,1,2,2,NECTAR
Nectar (353).wav,1353,0.458,0.593,1,2,2,NECTAR
Nectar (354).wav,1354,0.608,0.73,1,2,2,NECTAR
Nectar (355).wav,1355,0.487,0.605,1,2,2,NECTAR
Nectar (356).wav,1356,0.409,0.502,1,2,2,NECTAR
Nectar (357).wav,1357,0.359,0.455,1,2,2,NECTAR
Nectar (358).wav,1358,0.366,0.461,1,2,2,NECTAR
Nectar (359).wav,1359,0.369,0.448,1,2,2,NECTAR
Nectar (360).wav,1360,0.533,0.662,1,2,2,NECTAR
Nectar (361).wav,1361,0.508,0.645,1,2,2,NECTAR
Nectar (362).wav,1362,0.413,0.509,1,2,2,NECTAR
Nectar (363).wav,1363,0.488,0.587,1,2,2,NECTAR
Nectar (364).wav,1364,0.332,0.421,1,2,2,NECTAR
Nectar (365).wav,1365,0.548,0.683,1,2,2,NECTAR
Nectar (366).wav,1366,0.374,0.468,1,2,2,NECTAR
Nectar (367).wav,1367,0.438,0.552,1,2,2,NECTAR
Nectar (368).wav,1368,0.631,0.777,1,2,2,NECTAR
Nectar (369).wav,1369,0.486,0.652,1,2,2,NECTAR
Nectar (370).wav,1370,0.521,0.647,1,2,2,NECTAR
Nectar (371).wav,1371,0.414,0.559,1,2,2,NECTAR
Nectar (372).wav,1372,0.508,0.624,1,2,2,NECTAR
Nectar (373).wav,1373,0.453,0.586,1,2,2,NECTAR
Nectar (374).wav,1374,0.655,0.793,1,2,2,NECTAR
Nectar (375).wav,1375,0.606,0.73,1,2,2,NECTAR
Nectar (376).wav,1376,0.562,0.691,1,2,2,NECTAR
Nectar (377).wav,1377,0.487,0.634,1,2,2,NECTAR
Nectar (378).wav,1378,0.383,0.483,1,2,2,NECTAR
Nectar (379).wav,1379,0.621,0.751,1,2,2,NECTAR
Nectar (380).wav,1380,0.455,0.578,1,2,2,NECTAR
Nectar (381).wav,1381,0.387,0.485,1,2,2,NECTAR
Nectar (382).wav,1382,0.411,0.541,1,2,2,NECTAR
Nectar (383).wav,1383,0.711,0.844,1,2,2,NECTAR
Nectar (384).wav,1384,0.422,0.54,1,2,2,NECTAR
Nectar (385).wav,1385,0.503,0.62,1,2,2,NECTAR
Nectar (386).wav,1386,0.446,0.576,1,2,2,NECTAR
Nectar (387).wav,1387,0.425,0.517,1,2,2,NECTAR
Nectar (388).wav,1388,0.389,0.486,1,2,2,NECTAR
Nectar (389).wav,1389,0.757,0.883,1,2,2,NECTAR
Nectar (390).wav,1390,0.527,0.656,1,2,2,NECTAR
Nectar (391).wav,1391,0.517,0.684,1,2,2,NECTAR
Nectar (392).wav,1392,0.519,0.701,1,2,2,NECTAR
Nectar (393).wav,1393,0.621,0.757,1,2,2,NECTAR
Nectar (394).wav,1394,0.39,0.575,1,2,2,NECTAR
Nectar (395).wav,1395,0.697,0.872,1,2,2,NECTAR
Nectar (396).wav,1396,0.547,0.661,1,2,2,NECTAR
Nectar (397).wav,1397,0.389,0.532,1,2,2,NECTAR
Nectar (398).wav,1398,0.475,0.59,1,2,2,NECTAR
Nectar (399).wav,1399,0.406,0.513,1,2,2,NECTAR
Nectar (400).wav,1400,0.389,0.528,1,2,2,NECTAR
Nectar (401).wav,1401,0.548,0.658,1,2,2,NECTAR
Nectar (402).wav,1402,0.391,0.486,1,2,2,NECTAR
Nectar (403).wav,1403,0.384,0.512,1,2,2,NECTAR
Nectar (404).wav,1404,0.49,0.593,1,2,2,NECTAR
Nectar (405).wav,1405,0.5,0.64,1,2,2,NECTAR
Nectar (406).wav,1406,0.472,0.593,1,2,2,NECTAR
Nectar (407).wav,1407,0.615,0.801,1,2,2,NECTAR
Nectar (408).wav,1408,0.604,0.764,1,2,2,NECTAR
Nectar (409).wav,1409,0.643,0.828,1,2,2,NECTAR
Nectar (410).wav,1410,0.518,0.684,1,2,2,NECTAR
Nectar (411).wav,1411,0.384,0.551,1,2,2,NECTAR
Nectar (412).wav,1412,0.392,0.564,1,2,2,NECTAR
Nectar (413).wav,1413,0.48,0.622,1,2,2,NECTAR
Nectar (414).wav,1414,0.571,0.75,1,2,2,NECTAR
Nectar (415).wav,1415,0.477,0.639,1,2,2,NECTAR
Nectar (416).wav,1416,0.352,0.519,1,2,2,NECTAR
Nectar (417).wav,1417,0.425,0.586,1,2,2,NECTAR
Nectar (418).wav,1418,0.439,0.602,1,2,2,NECTAR
Nectar (419).wav,1419,0.348,0.493,1,2,2,NECTAR
Nectar (420).wav,1420,0.629,0.799,1,2,2,NECTAR
Nectar (421).wav,1421,0.535,0.695,1,2,2,NECTAR
Nectar (422).wav,1422,0.402,0.57,1,2,2,NECTAR
Nectar (423).wav,1423,0.413,0.57,1,2,2,NECTAR
Nectar (424).wav,1424,0.41,0.569,1,2,2,NECTAR
Nectar (425).wav,1425,0.437,0.596,1,2,2,NECTAR
Nectar (426).wav,1426,0.405,0.584,1,2,2,NECTAR
Nectar (427).wav,1427,0.362,0.498,1,2,2,NECTAR
Nectar (428).wav,1428,0.396,0.559,1,2,2,NECTAR
Nectar (429).wav,1429,0.354,0.489,1,2,2,NECTAR
Nectar (430).wav,1430,0.479,0.62,1,2,2,NECTAR
Nectar (431).wav,1431,0.411,0.568,1,2,2,NECTAR
Nectar (432).wav,1432,0.502,0.666,1,2,2,NECTAR
Nectar (433).wav,1433,0.362,0.53,1,2,2,NECTAR
Nectar (434).wav,1434,0.534,0.739,1,2,2,NECTAR
Nectar (435).wav,1435,0.511,0.686,1,2,2,NECTAR
Nectar (436).wav,1436,0.474,0.644,1,2,2,NECTAR
Nectar (437).wav,1437,0.46,0.642,1,2,2,NECTAR
Nectar (438).wav,1438,0.439,0.608,1,2,2,NECTAR
Nectar (439).wav,1439,0.571,0.743,1,2,2,NECTAR
Nectar (440).wav,1440,0.479,0.685,1,2,2,NECTAR
Nectar (441).wav,1441,0.502,0.677,1,2,2,NECTAR
Nectar (442).wav,1442,0.595,0.769,1,2,2,NECTAR
Nectar (443).wav,1443,0.554,0.71,1,2,2,NECTAR
Nectar (444).wav,1444,0.507,0.676,1,2,2,NECTAR
Nectar (445).wav,1445,0.46,0.629,1,2,2,NECTAR
Nectar (446).wav,1446,0.518,0.689,1,2,2,NECTAR
Nectar (447).wav,1447,0.633,0.788,1,2,2,NECTAR
Nectar (448).wav,1448,0.459,0.628,1,2,2,NECTAR
Nectar (449).wav,1449,0.476,0.632,1,2,2,NECTAR
Nectar (450).wav,1450,0.406,0.567,1,2,2,NECTAR
Nectar (451).wav,1451,0.382,0.523,1,2,2,NECTAR
Nectar (452).wav,1452,0.406,0.541,1,2,2,NECTAR
Nectar (453).wav,1453,0.512,0.668,1,2,2,NECTAR
Nectar (454).wav,1454,0.623,0.804,1,2,2,NECTAR
Nectar (455).wav,1455,0.499,0.661,1,2,2,NECTAR
Nectar (456).wav,1456,0.452,0.613,1,2,2,NECTAR
Nectar (457).wav,1457,0.468,0.629,1,2,2,NECTAR
Nectar (458).wav,1458,0.585,0.761,1,2,2,NECTAR
Nectar (459).wav,1459,0.478,0.658,1,2,2,NECTAR
Nectar (460).wav,1460,0.639,0.843,1,2,2,NECTAR
Nectar (461).wav,1461,0.431,0.624,1,2,2,NECTAR
Nectar (462).wav,1462,0.399,0.574,1,2,2,NECTAR
Nectar (463).wav,1463,0.404,0.567,1,2,2,NECTAR
Nectar (464).wav,1464,0.494,0.677,1,2,2,NECTAR
Nectar (465).wav,1465,0.481,0.664,1,2,2,NECTAR
Nectar (466).wav,1466,0.476,0.644,1,2,2,NECTAR
Nectar (467).wav,1467,0.39,0.559,1,2,2,NECTAR
Nectar (468).wav,1468,0.522,0.699,1,2,2,NECTAR
Nectar (469).wav,1469,0.602,0.776,1,2,2,NECTAR
Nectar (470).wav,1470,0.448,0.611,1,2,2,NECTAR
Nectar (471).wav,1471,0.356,0.519,1,2,2,NECTAR
Nectar (472).wav,1472,0.409,0.545,1,2,2,NECTAR
Nectar (473).wav,1473,0.455,0.647,1,2,2,NECTAR
Nectar (474).wav,1474,0.446,0.612,1,2,2,NECTAR
Nectar (475).wav,1475,0.477,0.612,1,2,2,NECTAR
Nectar (476).wav,1476,0.453,0.613,1,2,2,NECTAR
Nectar (477).wav,1477,0.604,0.771,1,2,2,NECTAR
Nectar (478).wav,1478,0.436,0.6,1,2,2,NECTAR
Nectar (479).wav,1479,0.332,0.463,1,2,2,NECTAR
Nectar (480).wav,1480,0.462,0.597,1,2,2,NECTAR
Nectar (481).wav,1481,0.633,0.811,1,2,2,NECTAR
Nectar (482).wav,1482,0.567,0.72,1,2,2,NECTAR
Nectar (483).wav,1483,0.633,0.809,1,2,2,NECTAR
Nectar (484).wav,1484,0.47,0.626,1,2,2,NECTAR
Nectar (485).wav,1485,0.529,0.711,1,2,2,NECTAR
Nectar (486).wav,1486,0.469,0.656,1,2,2,NECTAR
Nectar (487).wav,1487,0.425,0.612,1,2,2,NECTAR
Nectar (488).wav,1488,0.542,0.708,1,2,2,NECTAR
Nectar (489).wav,1489,0.564,0.708,1,2,2,NECTAR
Nectar (490).wav,1490,0.506,0.701,1,2,2,NECTAR
Nectar (491).wav,1491,0.512,0.657,1,2,2,NECTAR
Nectar (492).wav,1492,0.638,0.809,1,2,2,NECTAR
Nectar (493).wav,1493,0.562,0.76,1,2,2,NECTAR
Nectar (494).wav,1494,0.589,0.776,1,2,2,NECTAR
Nectar (495).wav,1495,0.502,0.681,1,2,2,NECTAR
Nectar (496).wav,1496,0.492,0.653,1,2,2,NECTAR
Nectar (497).wav,1497,0.471,0.653,1,2,2,NECTAR
Nectar (498).wav,1498,0.561,0.73,1,2,2,NECTAR
Nectar (499).wav,1499,0.468,0.64,1,2,2,NECTAR
Nectar (500).wav,1500,0.503,0.691,1,2,2,NECTAR
LiderAgua (1).wav,3001,0.472,0.685,1,4,4,LIDER-AGUA
LiderAgua (2).wav,3002,0.684,0.84,1,4,4,LIDER-AGUA
LiderAgua (3).wav,3003,0.527,0.679,1,4,4,LIDER-AGUA
LiderAgua (4).wav,3004,0.58,0.726,1,4,4,LIDER-AGUA
LiderAgua (5).wav,3005,0.424,0.573,1,4,4,LIDER-AGUA
LiderAgua (6).wav,3006,0.557,0.709,1,4,4,LIDER-AGUA
LiderAgua (7).wav,3007,0.483,0.616,1,4,4,LIDER-AGUA
LiderAgua (8).wav,3008,0.453,0.599,1,4,4,LIDER-AGUA
LiderAgua (9).wav,3009,0.481,0.644,1,4,4,LIDER-AGUA
LiderAgua (10).wav,3010,0.402,0.593,1,4,4,LIDER-AGUA
LiderAgua (11).wav,3011,0.425,0.595,1,4,4,LIDER-AGUA
LiderAgua (12).wav,3012,0.402,0.573,1,4,4,LIDER-AGUA
LiderAgua (13).wav,3013,0.411,0.605,1,4,4,LIDER-AGUA
LiderAgua (14).wav,3014,0.515,0.668,1,4,4,LIDER-AGUA
LiderAgua (15).wav,3015,0.425,0.567,1,4,4,LIDER-AGUA
LiderAgua (16).wav,3016,0.425,0.634,1,4,4,LIDER-AGUA
LiderAgua (17).wav,3017,0.469,0.65,1,4,4,LIDER-AGUA
LiderAgua (18).wav,3018,0.428,0.588,1,4,4,LIDER-AGUA
LiderAgua (19).wav,3019,0.421,0.59,1,4,4,LIDER-AGUA
LiderAgua (20).wav,3020,0.442,0.607,1,4,4,LIDER-AGUA
LiderAgua (21).wav,3021,0.424,0.604,1,4,4,LIDER-AGUA
LiderAgua (22).wav,3022,0.5,0.684,1,4,4,LIDER-AGUA
LiderAgua (23).wav,3023,0.366,0.514,1,4,4,LIDER-AGUA
LiderAgua (24).wav,3024,0.421,0.575,1,4,4,LIDER-AGUA
LiderAgua (25).wav,3025,0.338,0.53,1,4,4,LIDER-AGUA
LiderAgua (26).wav,3026,0.41,0.573,1,4,4,LIDER-AGUA
LiderAgua (27).wav,3027,0.32,0.481,1,4,4,LIDER-AGUA
LiderAgua (28).wav,3028,0.342,0.481,1,4,4,LIDER-AGUA
LiderAgua (29).wav,3029,0.566,0.744,1,4,4,LIDER-AGUA
LiderAgua (30).wav,3030,0.39,0.548,1,4,4,LIDER-AGUA
LiderAgua (31).wav,3031,0.431,0.595,1,4,4,LIDER-AGUA
LiderAgua (32).wav,3032,0.49,0.658,1,4,4,LIDER-AGUA
LiderAgua (33).wav,3033,0.474,0.678,1,4,4,LIDER-AGUA
LiderAgua (34).wav,3034,0.371,0.509,1,4,4,LIDER-AGUA
LiderAgua (35).wav,3035,0.502,0.692,1,4,4,LIDER-AGUA
LiderAgua (36).wav,3036,0.508,0.682,1,4,4,LIDER-AGUA
LiderAgua (37).wav,3037,0.453,0.633,1,4,4,LIDER-AGUA
LiderAgua (38).wav,3038,0.364,0.539,1,4,4,LIDER-AGUA
LiderAgua (39).wav,3039,0.421,0.599,1,4,4,LIDER-AGUA
LiderAgua (40).wav,3040,0.402,0.563,1,4,4,LIDER-AGUA
LiderAgua (41).wav,3041,0.312,0.474,1,4,4,LIDER-AGUA
LiderAgua (42).wav,3042,0.287,0.448,1,4,4,LIDER-AGUA
LiderAgua (43).wav,3043,0.365,0.541,1,4,4,LIDER-AGUA
LiderAgua (44).wav,3044,0.329,0.489,1,4,4,LIDER-AGUA
LiderAgua (45).wav,3045,0.316,0.489,1,4,4,LIDER-AGUA
LiderAgua (46).wav,3046,0.421,0.576,1,4,4,LIDER-AGUA
LiderAgua (47).wav,3047,0.41,0.585,1,4,4,LIDER-AGUA
LiderAgua (48).wav,3048,0.353,0.528,1,4,4,LIDER-AGUA
LiderAgua (49).wav,3049,0.301,0.471,1,4,4,LIDER-AGUA
LiderAgua (50).wav,3050,0.36,0.532,1,4,4,LIDER-AGUA
LiderAgua (51).wav,3051,0.414,0.607,1,4,4,LIDER-AGUA
LiderAgua (52).wav,3052,0.334,0.515,1,4,4,LIDER-AGUA
LiderAgua (53).wav,3053,0.302,0.45,1,4,4,LIDER-AGUA
LiderAgua (54).wav,3054,0.49,0.654,1,4,4,LIDER-AGUA
LiderAgua (55).wav,3055,0.369,0.543,1,4,4,LIDER-AGUA
LiderAgua (56).wav,3056,0.371,0.511,1,4,4,LIDER-AGUA
LiderAgua (57).wav,3057,0.487,0.638,1,4,4,LIDER-AGUA
LiderAgua (58).wav,3058,0.519,0.696,1,4,4,LIDER-AGUA
LiderAgua (59).wav,3059,0.477,0.633,1,4,4,LIDER-AGUA
LiderAgua (60).wav,3060,0.417,0.571,1,4,4,LIDER-AGUA
LiderAgua (61).wav,3061,0.454,0.591,1,4,4,LIDER-AGUA
LiderAgua (62).wav,3062,0.464,0.64,1,4,4,LIDER-AGUA
LiderAgua (63).wav,3063,0.407,0.547,1,4,4,LIDER-AGUA
LiderAgua (64).wav,3064,0.687,0.834,1,4,4,LIDER-AGUA
LiderAgua (65).wav,3065,0.564,0.723,1,4,4,LIDER-AGUA
LiderAgua (66).wav,3066,0.577,0.732,1,4,4,LIDER-AGUA
LiderAgua (67).wav,3067,0.515,0.664,1,4,4,LIDER-AGUA
LiderAgua (68).wav,3068,0.474,0.63,1,4,4,LIDER-AGUA
LiderAgua (69).wav,3069,0.712,0.864,1,4,4,LIDER-AGUA
LiderAgua (70).wav,3070,0.536,0.68,1,4,4,LIDER-AGUA
LiderAgua (71).wav,3071,0.538,0.69,1,4,4,LIDER-AGUA
LiderAgua (72).wav,3072,0.453,0.613,1,4,4,LIDER-AGUA
LiderAgua (73).wav,3073,0.493,0.666,1,4,4,LIDER-AGUA
LiderAgua (74).wav,3074,0.405,0.546,1,4,4,LIDER-AGUA
LiderAgua (75).wav,3075,0.395,0.539,1,4,4,LIDER-AGUA
LiderAgua (76).wav,3076,0.453,0.606,1,4,4,LIDER-AGUA
LiderAgua (77).wav,3077,0.377,0.548,1,4,4,LIDER-AGUA
LiderAgua (78).wav,3078,0.328,0.492,1,4,4,LIDER-AGUA
LiderAgua (79).wav,3079,0.425,0.593,1,4,4,LIDER-AGUA
LiderAgua (80).wav,3080,0.469,0.618,1,4,4,LIDER-AGUA
LiderAgua (81).wav,3081,0.368,0.502,1,4,4,LIDER-AGUA
LiderAgua (82).wav,3082,0.224,0.372,1,4,4,LIDER-AGUA
LiderAgua (83).wav,3083,0.509,0.693,1,4,4,LIDER-AGUA
LiderAgua (84).wav,3084,0.243,0.397,1,4,4,LIDER-AGUA
LiderAgua (85).wav,3085,0.439,0.589,1,4,4,LIDER-AGUA
LiderAgua (86).wav,3086,0.239,0.374,1,4,4,LIDER-AGUA
LiderAgua (87).wav,3087,0.389,0.53,1,4,4,LIDER-AGUA
LiderAgua (88).wav,3088,0.343,0.518,1,4,4,LIDER-AGUA
LiderAgua (89).wav,3089,0.444,0.591,1,4,4,LIDER-AGUA
LiderAgua (90).wav,3090,0.431,0.579,1,4,4,LIDER-AGUA
LiderAgua (91).wav,3091,0.307,0.453,1,4,4,LIDER-AGUA
LiderAgua (92).wav,3092,0.303,0.446,1,4,4,LIDER-AGUA
LiderAgua (93).wav,3093,0.302,0.442,1,4,4,LIDER-AGUA
LiderAgua (94).wav,3094,0.443,0.572,1,4,4,LIDER-AGUA
LiderAgua (95).wav,3095,0.26,0.412,1,4,4,LIDER-AGUA
LiderAgua (96).wav,3096,0.257,0.39,1,4,4,LIDER-AGUA
LiderAgua (97).wav,3097,0.391,0.537,1,4,4,LIDER-AGUA
LiderAgua (98).wav,3098,0.407,0.558,1,4,4,LIDER-AGUA
LiderAgua (99).wav,3099,0.35,0.494,1,4,4,LIDER-AGUA
LiderAgua (100).wav,3100,0.331,0.483,1,4,4,LIDER-AGUA
NectarAgua (1).wav,4001,0.792,0.93,1,5,5,NECTAR-AGUA
NectarAgua (2).wav,4002,0.78,0.913,1,5,5,NECTAR-AGUA
NectarAgua (3).wav,4003,0.783,0.918,1,5,5,NECTAR-AGUA
NectarAgua (4).wav,4004,0.901,1.034,1,5,5,NECTAR-AGUA
NectarAgua (5).wav,4005,0.86,0.989,1,5,5,NECTAR-AGUA
NectarAgua (6).wav,4006,0.854,0.979,1,5,5,NECTAR-AGUA
NectarAgua (7).wav,4007,0.839,0.984,1,5,5,NECTAR-AGUA
NectarAgua (8).wav,4008,0.823,0.963,1,5,5,NECTAR-AGUA
NectarAgua (9).wav,4009,0.987,1.137,1,5,5,NECTAR-AGUA
NectarAgua (10).wav,4010,0.847,1.002,1,5,5,NECTAR-AGUA
NectarAgua (11).wav,4011,0.877,1.021,1,5,5,NECTAR-AGUA
NectarAgua (12).wav,4012,0.809,0.944,1,5,5,NECTAR-AGUA
NectarAgua (13).wav,4013,0.732,0.864,1,5,5,NECTAR-AGUA
NectarAgua (14).wav,4014,0.765,0.925,1,5,5,NECTAR-AGUA
NectarAgua (15).wav,4015,0.673,0.809,1,5,5,NECTAR-AGUA
NectarAgua (16).wav,4016,0.692,0.834,1,5,5,NECTAR-AGUA
NectarAgua (17).wav,4017,0.724,0.872,1,5,5,NECTAR-AGUA
NectarAgua (18).wav,4018,0.733,0.873,1,5,5,NECTAR-AGUA
NectarAgua (19).wav,4019,0.917,1.042,1,5,5,NECTAR-AGUA
NectarAgua (20).wav,4020,0.71,0.857,1,5,5,NECTAR-AGUA
NectarAgua (21).wav,4021,0.683,0.82,1,5,5,NECTAR-AGUA
NectarAgua (22).wav,4022,0.512,0.657,1,5,5,NECTAR-AGUA
NectarAgua (23).wav,4023,0.753,0.904,1,5,5,NECTAR-AGUA
NectarAgua (24).wav,4024,0.815,0.936,1,5,5,NECTAR-AGUA
NectarAgua (25).wav,4025,0.739,0.876,1,5,5,NECTAR-AGUA
NectarAgua (26).wav,4026,0.739,0.879,1,5,5,NECTAR-AGUA
NectarAgua (27).wav,4027,0.675,0.818,1,5,5,NECTAR-AGUA
NectarAgua (28).wav,4028,0.853,1.018,1,5,5,NECTAR-AGUA
NectarAgua (29).wav,4029,0.732,0.888,1,5,5,NECTAR-AGUA
NectarAgua (30).wav,4030,0.811,0.981,1,5,5,NECTAR-AGUA
NectarAgua (31).wav,4031,0.906,1.075,1,5,5,NECTAR-AGUA
NectarAgua (32).wav,4032,0.833,1.004,1,5,5,NECTAR-AGUA
NectarAgua (33).wav,4033,0.861,1.021,1,5,5,NECTAR-AGUA
NectarAgua (34).wav,4034,0.873,1.013,1,5,5,NECTAR-AGUA
NectarAgua (35).wav,4035,0.902,1.06,1,5,5,NECTAR-AGUA
NectarAgua (36).wav,4036,0.87,1.026,1,5,5,NECTAR-AGUA
NectarAgua (37).wav,4037,0.825,0.951,1,5,5,NECTAR-AGUA
NectarAgua (38).wav,4038,0.811,0.958,1,5,5,NECTAR-AGUA
NectarAgua (39).wav,4039,0.818,0.987,1,5,5,NECTAR-AGUA
NectarAgua (40).wav,4040,0.892,1.03,1,5,5,NECTAR-AGUA
NectarAgua (41).wav,4041,0.876,1.039,1,5,5,NECTAR-AGUA
NectarAgua (42).wav,4042,0.833,0.985,1,5,5,NECTAR-AGUA
NectarAgua (43).wav,4043,0.779,0.947,1,5,5,NECTAR-AGUA
NectarAgua (44).wav,4044,0.854,1.012,1,5,5,NECTAR-AGUA
NectarAgua (45).wav,4045,0.617,0.748,1,5,5,NECTAR-AGUA
NectarAgua (46).wav,4046,0.794,0.929,1,5,5,NECTAR-AGUA
NectarAgua (47).wav,4047,0.841,1.02,1,5,5,NECTAR-AGUA
NectarAgua (48).wav,4048,1.038,1.215,1,5,5,NECTAR-AGUA
NectarAgua (49).wav,4049,0.862,1.022,1,5,5,NECTAR-AGUA
NectarAgua (50).wav,4050,0.851,0.998,1,5,5,NECTAR-AGUA
NectarAgua (51).wav,4051,0.777,0.921,1,5,5,NECTAR-AGUA
NectarAgua (52).wav,4052,0.805,0.997,1,5,5,NECTAR-AGUA
NectarAgua (53).wav,4053,1.013,1.206,1,5,5,NECTAR-AGUA
NectarAgua (54).wav,4054,0.854,1.008,1,5,5,NECTAR-AGUA
NectarAgua (55).wav,4055,0.852,1.002,1,5,5,NECTAR-AGUA
NectarAgua (56).wav,4056,0.831,0.957,1,5,5,NECTAR-AGUA
NectarAgua (57).wav,4057,0.748,0.892,1,5,5,NECTAR-AGUA
NectarAgua (58).wav,4058,0.792,0.947,1,5,5,NECTAR-AGUA
NectarAgua (59).wav,4059,0.76,0.904,1,5,5,NECTAR-AGUA
NectarAgua (60).wav,4060,0.669,0.825,1,5,5,NECTAR-AGUA
NectarAgua (61).wav,4061,0.757,0.88,1,5,5,NECTAR-AGUA
NectarAgua (62).wav,4062,0.733,0.889,1,5,5,NECTAR-AGUA
NectarAgua (63).wav,4063,0.643,0.789,1,5,5,NECTAR-AGUA
NectarAgua (64).wav,4064,0.762,0.902,1,5,5,NECTAR-AGUA
NectarAgua (65).wav,4065,0.84,0.984,1,5,5,NECTAR-AGUA
NectarAgua (66).wav,4066,0.854,0.996,1,5,5,NECTAR-AGUA
NectarAgua (67).wav,4067,0.833,0.96,1,5,5,NECTAR-AGUA
NectarAgua (68).wav,4068,0.782,0.931,1,5,5,NECTAR-AGUA
NectarAgua (69).wav,4069,0.852,1.002,1,5,5,NECTAR-AGUA
NectarAgua (70).wav,4070,0.731,0.87,1,5,5,NECTAR-AGUA
NectarAgua (71).wav,4071,0.755,0.9,1,5,5,NECTAR-AGUA
NectarAgua (72).wav,4072,0.716,0.868,1,5,5,NECTAR-AGUA
NectarAgua (73).wav,4073,0.595,0.734,1,5,5,NECTAR-AGUA
NectarAgua (74).wav,4074,0.523,0.662,1,5,5,NECTAR-AGUA
NectarAgua (75).wav,4075,0.571,0.72,1,5,5,NECTAR-AGUA
NectarAgua (76).wav,4076,0.566,0.726,1,5,5,NECTAR-AGUA
NectarAgua (77).wav,4077,0.956,1.106,1,5,5,NECTAR-AGUA
NectarAgua (78).wav,4078,0.769,0.941,1,5,5,NECTAR-AGUA
NectarAgua (79).wav,4079,0.798,969,1,5,5,NECTAR-AGUA
NectarAgua (80).wav,4080,0.726,0.893,1,5,5,NECTAR-AGUA
NectarAgua (81).wav,4081,0.791,0.938,1,5,5,NECTAR-AGUA
NectarAgua (82).wav,4082,0.813,0.961,1,5,5,NECTAR-AGUA
NectarAgua (83).wav,4083,0.819,0.977,1,5,5,NECTAR-AGUA
NectarAgua (84).wav,4084,0.653,0.827,1,5,5,NECTAR-AGUA
NectarAgua (85).wav,4085,0.745,0.9,1,5,5,NECTAR-AGUA
NectarAgua (86).wav,4086,0.705,0.835,1,5,5,NECTAR-AGUA
NectarAgua (87).wav,4087,0.839,0.983,1,5,5,NECTAR-AGUA
NectarAgua (88).wav,4088,0.9,1.041,1,5,5,NECTAR-AGUA
NectarAgua (89).wav,4089,0.838,0.989,1,5,5,NECTAR-AGUA
NectarAgua (90).wav,4090,0.754,0.896,1,5,5,NECTAR-AGUA
NectarAgua (91).wav,4091,0.704,0.867,1,5,5,NECTAR-AGUA
NectarAgua (92).wav,4092,0.646,0.795,1,5,5,NECTAR-AGUA
NectarAgua (93).wav,4093,0.738,0.889,1,5,5,NECTAR-AGUA
NectarAgua (94).wav,4094,0.746,0.901,1,5,5,NECTAR-AGUA
NectarAgua (95).wav,4095,0.434,0.587,1,5,5,NECTAR-AGUA
NectarAgua (96).wav,4096,0.618,0.763,1,5,5,NECTAR-AGUA
NectarAgua (97).wav,4097,0.589,0.734,1,5,5,NECTAR-AGUA
NectarAgua (98).wav,4098,0.615,0.768,1,5,5,NECTAR-AGUA
NectarAgua (99).wav,4099,0.583,0.735,1,5,5,NECTAR-AGUA
NectarAgua (100).wav,4100,0.618,0.763,1,5,5,NECTAR-AGUA
Antioqueno (1).wav,2001,0.251,0.435,1,3,3,ANTIOQUENO
Antioqueno (2).wav,2002,0.528,0.744,1,3,3,ANTIOQUENO
Antioqueno (3).wav,2003,0.367,0.561,1,3,3,ANTIOQUENO
Antioqueno (4).wav,2004,0.304,0.486,1,3,3,ANTIOQUENO
Antioqueno (5).wav,2005,0.424,0.582,1,3,3,ANTIOQUENO
Antioqueno (6).wav,2006,0.686,0.898,1,3,3,ANTIOQUENO
Antioqueno (7).wav,2007,0.406,0.604,1,3,3,ANTIOQUENO
Antioqueno (8).wav,2008,0.36,0.532,1,3,3,ANTIOQUENO
Antioqueno (9).wav,2009,0.327,0.487,1,3,3,ANTIOQUENO
Antioqueno (10).wav,2010,0.367,0.558,1,3,3,ANTIOQUENO
Antioqueno (11).wav,2011,0.442,0.629,1,3,3,ANTIOQUENO
Antioqueno (12).wav,2012,0.402,0.569,1,3,3,ANTIOQUENO
Antioqueno (13).wav,2013,0.408,0.576,1,3,3,ANTIOQUENO
Antioqueno (14).wav,2014,0.424,0.609,1,3,3,ANTIOQUENO
Antioqueno (15).wav,2015,0.497,0.688,1,3,3,ANTIOQUENO
Antioqueno (16).wav,2016,0.451,0.654,1,3,3,ANTIOQUENO
Antioqueno (17).wav,2017,0.406,0.591,1,3,3,ANTIOQUENO
Antioqueno (18).wav,2018,0.43,0.616,1,3,3,ANTIOQUENO
Antioqueno (19).wav,2019,0.373,0.559,1,3,3,ANTIOQUENO
Antioqueno (20).wav,2020,0.376,0.529,1,3,3,ANTIOQUENO
Antioqueno (21).wav,2021,0.376,0.575,1,3,3,ANTIOQUENO
Antioqueno (22).wav,2022,0.357,0.517,1,3,3,ANTIOQUENO
Antioqueno (23).wav,2023,0.309,0.484,1,3,3,ANTIOQUENO
Antioqueno (24).wav,2024,0.647,0.843,1,3,3,ANTIOQUENO
Antioqueno (25).wav,2025,0.487,0.683,1,3,3,ANTIOQUENO
Antioqueno (26).wav,2026,0.469,0.654,1,3,3,ANTIOQUENO
Antioqueno (27).wav,2027,0.402,0.612,1,3,3,ANTIOQUENO
Antioqueno (28).wav,2028,0.393,0.575,1,3,3,ANTIOQUENO
Antioqueno (29).wav,2029,0.378,0.555,1,3,3,ANTIOQUENO
Antioqueno (30).wav,2030,0.474,0.648,1,3,3,ANTIOQUENO
Antioqueno (31).wav,2031,0.425,0.618,1,3,3,ANTIOQUENO
Antioqueno (32).wav,2032,0.431,0.62,1,3,3,ANTIOQUENO
Antioqueno (33).wav,2033,0.339,0.52,1,3,3,ANTIOQUENO
Antioqueno (34).wav,2034,0.371,0.532,1,3,3,ANTIOQUENO
Antioqueno (35).wav,2035,0.366,0.56,1,3,3,ANTIOQUENO
Antioqueno (36).wav,2036,0.375,0.552,1,3,3,ANTIOQUENO
Antioqueno (37).wav,2037,0.46,0.613,1,3,3,ANTIOQUENO
Antioqueno (38).wav,2038,0.715,0.892,1,3,3,ANTIOQUENO
Antioqueno (39).wav,2039,0.337,0.515,1,3,3,ANTIOQUENO
Antioqueno (40).wav,2040,0.418,0.595,1,3,3,ANTIOQUENO
Antioqueno (41).wav,2041,0.393,0.569,1,3,3,ANTIOQUENO
Antioqueno (42).wav,2042,0.363,0.532,1,3,3,ANTIOQUENO
Antioqueno (43).wav,2043,0.339,0.504,1,3,3,ANTIOQUENO
Antioqueno (44).wav,2044,0.738,0.902,1,3,3,ANTIOQUENO
Antioqueno (45).wav,2045,0.471,0.645,1,3,3,ANTIOQUENO
Antioqueno (46).wav,2046,0.418,0.588,1,3,3,ANTIOQUENO
Antioqueno (47).wav,2047,0.447,0.626,1,3,3,ANTIOQUENO
Antioqueno (48).wav,2048,0.407,0.585,1,3,3,ANTIOQUENO
Antioqueno (49).wav,2049,0.619,0.799,1,3,3,ANTIOQUENO
Antioqueno (50).wav,2050,0.41,0.577,1,3,3,ANTIOQUENO
Antioqueno (51).wav,2051,0.409,0.573,1,3,3,ANTIOQUENO
Antioqueno (52).wav,2052,0.454,0.619,1,3,3,ANTIOQUENO
Antioqueno (53).wav,2053,0.5,0.668,1,3,3,ANTIOQUENO
Antioqueno (54).wav,2054,0.534,0.72,1,3,3,ANTIOQUENO
Antioqueno (55).wav,2055,0.495,0.661,1,3,3,ANTIOQUENO
Antioqueno (56).wav,2056,0.442,0.617,1,3,3,ANTIOQUENO
Antioqueno (57).wav,2057,0.517,0.686,1,3,3,ANTIOQUENO
Antioqueno (58).wav,2058,0.471,0.646,1,3,3,ANTIOQUENO
Antioqueno (59).wav,2059,0.465,0.646,1,3,3,ANTIOQUENO
Antioqueno (60).wav,2060,0.61,0.777,1,3,3,ANTIOQUENO
Antioqueno (61).wav,2061,0.627,0.803,1,3,3,ANTIOQUENO
Antioqueno (62).wav,2062,0.488,0.673,1,3,3,ANTIOQUENO
Antioqueno (63).wav,2063,0.511,0.712,1,3,3,ANTIOQUENO
Antioqueno (64).wav,2064,0.535,0.709,1,3,3,ANTIOQUENO
Antioqueno (65).wav,2065,0.634,0.809,1,3,3,ANTIOQUENO
Antioqueno (66).wav,2066,0.802,1,1,3,3,ANTIOQUENO
Antioqueno (67).wav,2067,0.534,0.716,1,3,3,ANTIOQUENO
Antioqueno (68).wav,2068,0.546,0.73,1,3,3,ANTIOQUENO
Antioqueno (69).wav,2069,0.551,0.725,1,3,3,ANTIOQUENO
Antioqueno (70).wav,2070,0.563,0.741,1,3,3,ANTIOQUENO
Antioqueno (71).wav,2071,0.532,0.695,1,3,3,ANTIOQUENO
Antioqueno (72).wav,2072,0.61,0.794,1,3,3,ANTIOQUENO
Antioqueno (73).wav,2073,0.529,0.704,1,3,3,ANTIOQUENO
Antioqueno (74).wav,2074,0.663,0.831,1,3,3,ANTIOQUENO
Antioqueno (75).wav,2075,0.581,0.79,1,3,3,ANTIOQUENO
Antioqueno (76).wav,2076,0.552,0.758,1,3,3,ANTIOQUENO
Antioqueno (77).wav,2077,0.531,0.716,1,3,3,ANTIOQUENO
Antioqueno (78).wav,2078,0.37,0.557,1,3,3,ANTIOQUENO
Antioqueno (79).wav,2079,0.709,0.912,1,3,3,ANTIOQUENO
Antioqueno (80).wav,2080,0.391,0.584,1,3,3,ANTIOQUENO
Antioqueno (81).wav,2081,0.488,0.692,1,3,3,ANTIOQUENO
Antioqueno (82).wav,2082,0.448,0.644,1,3,3,ANTIOQUENO
Antioqueno (83).wav,2083,0.45,0.635,1,3,3,ANTIOQUENO
Antioqueno (84).wav,2084,0.39,0.571,1,3,3,ANTIOQUENO
Antioqueno (85).wav,2085,0.39,0.571,1,3,3,ANTIOQUENO
Antioqueno (86).wav,2086,0.471,0.648,1,3,3,ANTIOQUENO
Antioqueno (87).wav,2087,0.436,0.618,1,3,3,ANTIOQUENO
Antioqueno (88).wav,2088,0.501,0.696,1,3,3,ANTIOQUENO
Antioqueno (89).wav,2089,0.403,0.578,1,3,3,ANTIOQUENO
Antioqueno (90).wav,2090,0.42,0.574,1,3,3,ANTIOQUENO
Antioqueno (91).wav,2091,0.43,0.622,1,3,3,ANTIOQUENO
Antioqueno (92).wav,2092,0.628,0.816,1,3,3,ANTIOQUENO
Antioqueno (93).wav,2093,0.511,0.713,1,3,3,ANTIOQUENO
Antioqueno (94).wav,2094,0.673,0.876,1,3,3,ANTIOQUENO
Antioqueno (95).wav,2095,0.507,0.692,1,3,3,ANTIOQUENO
Antioqueno (96).wav,2096,0.588,0.783,1,3,3,ANTIOQUENO
Antioqueno (97).wav,2097,0.401,0.577,1,3,3,ANTIOQUENO
Antioqueno (98).wav,2098,0.366,0.553,1,3,3,ANTIOQUENO
Antioqueno (99).wav,2099,0.377,0.586,1,3,3,ANTIOQUENO
Antioqueno (100).wav,2100,0.395,0.596,1,3,3,ANTIOQUENO
LiderGamaBaja (1).wav,501,0.274,0.438,1,1,1,LIDER
LiderGamaBaja (2).wav,502,0.355,0.527,1,1,1,LIDER
LiderGamaBaja (3).wav,503,0.547,0.719,1,1,1,LIDER
LiderGamaBaja (4).wav,504,0.459,0.63,1,1,1,LIDER
LiderGamaBaja (5).wav,505,0.39,0.573,1,1,1,LIDER
LiderGamaBaja (6).wav,506,0.4,0.569,1,1,1,LIDER
LiderGamaBaja (7).wav,507,0.44,0.62,1,1,1,LIDER
LiderGamaBaja (8).wav,508,0.389,0.567,1,1,1,LIDER
LiderGamaBaja (9).wav,509,0.356,0.521,1,1,1,LIDER
LiderGamaBaja (10).wav,510,0.36,0.517,1,1,1,LIDER
LiderGamaBaja (11).wav,511,0.369,0.551,1,1,1,LIDER
LiderGamaBaja (12).wav,512,0.344,0.519,1,1,1,LIDER
LiderGamaBaja (13).wav,513,0.336,0.545,1,1,1,LIDER
LiderGamaBaja (14).wav,514,0.314,0.491,1,1,1,LIDER
LiderGamaBaja (15).wav,515,0.426,0.589,1,1,1,LIDER
LiderGamaBaja (16).wav,516,0.378,0.551,1,1,1,LIDER
LiderGamaBaja (17).wav,517,0.45,0.629,1,1,1,LIDER
LiderGamaBaja (18).wav,518,0.354,0.506,1,1,1,LIDER
LiderGamaBaja (19).wav,519,0.361,0.541,1,1,1,LIDER
LiderGamaBaja (20).wav,520,0.362,0.571,1,1,1,LIDER
LiderGamaBaja (21).wav,521,0.31,0.485,1,1,1,LIDER
LiderGamaBaja (22).wav,522,0.464,0.641,1,1,1,LIDER
LiderGamaBaja (23).wav,523,0.427,0.634,1,1,1,LIDER
LiderGamaBaja (24).wav,524,0.376,0.576,1,1,1,LIDER
LiderGamaBaja (25).wav,525,0.406,0.582,1,1,1,LIDER
LiderGamaBaja (26).wav,526,0.362,0.539,1,1,1,LIDER
LiderGamaBaja (27).wav,527,0.439,0.634,1,1,1,LIDER
LiderGamaBaja (28).wav,528,0.401,0.573,1,1,1,LIDER
LiderGamaBaja (29).wav,529,0.522,0.722,1,1,1,LIDER
LiderGamaBaja (30).wav,530,0.406,0.463,1,1,1,LIDER
LiderGamaBaja (31).wav,531,0.433,0.609,1,1,1,LIDER
LiderGamaBaja (32).wav,532,0.457,0.632,1,1,1,LIDER
LiderGamaBaja (33).wav,533,0.451,0.644,1,1,1,LIDER
LiderGamaBaja (34).wav,534,0.406,0.58,1,1,1,LIDER
LiderGamaBaja (35).wav,535,0.422,0.609,1,1,1,LIDER
LiderGamaBaja (36).wav,536,0.493,0.694,1,1,1,LIDER
LiderGamaBaja (37).wav,537,0.415,0.593,1,1,1,LIDER
LiderGamaBaja (38).wav,538,0.391,0.592,1,1,1,LIDER
LiderGamaBaja (39).wav,539,0.546,0.756,1,1,1,LIDER
LiderGamaBaja (40).wav,540,0.44,0.6,1,1,1,LIDER
LiderGamaBaja (41).wav,541,0.453,0.639,1,1,1,LIDER
LiderGamaBaja (42).wav,542,0.469,0.666,1,1,1,LIDER
LiderGamaBaja (43).wav,543,0.682,0.872,1,1,1,LIDER
LiderGamaBaja (44).wav,544,0.37,0.556,1,1,1,LIDER
LiderGamaBaja (45).wav,545,0.404,0.578,1,1,1,LIDER
LiderGamaBaja (46).wav,546,0.444,0.63,1,1,1,LIDER
LiderGamaBaja (47).wav,547,0.465,0.643,1,1,1,LIDER
LiderGamaBaja (48).wav,548,0.364,0.55,1,1,1,LIDER
LiderGamaBaja (49).wav,549,0.496,0.69,1,1,1,LIDER
LiderGamaBaja (50).wav,550,0.346,0.52,1,1,1,LIDER
LiderGamaBaja (51).wav,551,0.321,0.496,1,1,1,LIDER
LiderGamaBaja (52).wav,552,0.283,0.459,1,1,1,LIDER
LiderGamaBaja (53).wav,553,0.307,0.488,1,1,1,LIDER
LiderGamaBaja (54).wav,554,0.567,0.747,1,1,1,LIDER
LiderGamaBaja (55).wav,555,0.371,0.538,1,1,1,LIDER
LiderGamaBaja (56).wav,556,0.414,0.58,1,1,1,LIDER
LiderGamaBaja (57).wav,557,0.396,0.574,1,1,1,LIDER
LiderGamaBaja (58).wav,558,0.54,0.714,1,1,1,LIDER
LiderGamaBaja (59).wav,559,0.338,0.491,1,1,1,LIDER
LiderGamaBaja (60).wav,560,0.365,0.536,1,1,1,LIDER
LiderGamaBaja (61).wav,561,0.292,0.448,1,1,1,LIDER
LiderGamaBaja (62).wav,562,0.374,0.551,1,1,1,LIDER
LiderGamaBaja (63).wav,563,0.345,0.511,1,1,1,LIDER
LiderGamaBaja (64).wav,564,0.613,0.8,1,1,1,LIDER
LiderGamaBaja (65).wav,565,0.276,0.438,1,1,1,LIDER
LiderGamaBaja (66).wav,566,0.453,0.618,1,1,1,LIDER
LiderGamaBaja (67).wav,567,0.404,0.579,1,1,1,LIDER
LiderGamaBaja (68).wav,568,0.422,0.575,1,1,1,LIDER
LiderGamaBaja (69).wav,569,0.542,0.726,1,1,1,LIDER
LiderGamaBaja (70).wav,570,0.423,0.575,1,1,1,LIDER
LiderGamaBaja (71).wav,571,0.332,0.492,1,1,1,LIDER
LiderGamaBaja (72).wav,572,0.353,0.507,1,1,1,LIDER
LiderGamaBaja (73).wav,573,0.349,0.539,1,1,1,LIDER
LiderGamaBaja (74).wav,574,0.368,0.541,1,1,1,LIDER
LiderGamaBaja (75).wav,575,0.317,0.47,1,1,1,LIDER
LiderGamaBaja (76).wav,576,0.426,0.614,1,1,1,LIDER
LiderGamaBaja (77).wav,577,0.43,0.595,1,1,1,LIDER
LiderGamaBaja (78).wav,578,0.348,0.509,1,1,1,LIDER
LiderGamaBaja (79).wav,579,0.489,0.657,1,1,1,LIDER
LiderGamaBaja (80).wav,580,0.497,0.668,1,1,1,LIDER
LiderGamaBaja (81).wav,581,0.378,0.531,1,1,1,LIDER
LiderGamaBaja (82).wav,582,0.459,0.611,1,1,1,LIDER
LiderGamaBaja (83).wav,583,0.415,0.571,1,1,1,LIDER
LiderGamaBaja (84).wav,584,0.313,0.457,1,1,1,LIDER
LiderGamaBaja (85).wav,585,0.353,0.504,1,1,1,LIDER
LiderGamaBaja (86).wav,586,0.435,0.616,1,1,1,LIDER
LiderGamaBaja (87).wav,587,0.313,0.471,1,1,1,LIDER
LiderGamaBaja (88).wav,588,0.3,0.471,1,1,1,LIDER
LiderGamaBaja (89).wav,589,0.297,0.46,1,1,1,LIDER
LiderGamaBaja (90).wav,590,0.232,0.383,1,1,1,LIDER
LiderGamaBaja (91).wav,591,0.312,0.462,1,1,1,LIDER
LiderGamaBaja (92).wav,592,0.271,0.423,1,1,1,LIDER
LiderGamaBaja (93).wav,593,0.334,0.483,1,1,1,LIDER
LiderGamaBaja (94).wav,594,0.416,0.586,1,1,1,LIDER
LiderGamaBaja (95).wav,595,0.38,0.532,1,1,1,LIDER
LiderGamaBaja (96).wav,596,0.279,0.446,1,1,1,LIDER
LiderGamaBaja (97).wav,597,0.306,0.478,1,1,1,LIDER
LiderGamaBaja (98).wav,598,0.252,0.403,1,1,1,LIDER
LiderGamaBaja (99).wav,599,0.258,0.409,1,1,1,LIDER
LiderGamaBaja (100).wav,600,0.279,0.439,1,1,1,LIDER
AntioquenoIphone (1).wav,2101,0.263,0.441,1,3,3,ANTIOQUENO
AntioquenoIphone (2).wav,2102,0.084,0.282,1,3,3,ANTIOQUENO
AntioquenoIphone (3).wav,2103,0.023,0.111,1,3,3,ANTIOQUENO
AntioquenoIphone (4).wav,2104,0.023,0.2,1,3,3,ANTIOQUENO
AntioquenoIphone (5).wav,2105,0.04,0.231,1,3,3,ANTIOQUENO
AntioquenoIphone (6).wav,2106,0.023,0.193,1,3,3,ANTIOQUENO
AntioquenoIphone (7).wav,2107,0.36,0.216,1,3,3,ANTIOQUENO
AntioquenoIphone (8).wav,2108,0.023,0.185,1,3,3,ANTIOQUENO
AntioquenoIphone (9).wav,2109,0.073,0.271,1,3,3,ANTIOQUENO
AntioquenoIphone (10).wav,2110,0.089,0.263,1,3,3,ANTIOQUENO
AntioquenoIphone (11).wav,2111,0.024,0.177,1,3,3,ANTIOQUENO
AntioquenoIphone (12).wav,2112,0.072,0.23,1,3,3,ANTIOQUENO
AntioquenoIphone (13).wav,2113,0.064,0.251,1,3,3,ANTIOQUENO
AntioquenoIphone (14).wav,2114,0.023,0.178,1,3,3,ANTIOQUENO
AntioquenoIphone (15).wav,2115,0.112,0.286,1,3,3,ANTIOQUENO
AntioquenoIphone (16).wav,2116,0.047,0.208,1,3,3,ANTIOQUENO
AntioquenoIphone (17).wav,2117,0.109,0.275,1,3,3,ANTIOQUENO
AntioquenoIphone (18).wav,2118,0.251,0.421,1,3,3,ANTIOQUENO
AntioquenoIphone (19).wav,2119,0.07,0.231,1,3,3,ANTIOQUENO
AntioquenoIphone (20).wav,2120,0.06,0.293,1,3,3,ANTIOQUENO
AntioquenoIphone (21).wav,2121,0.066,0.238,1,3,3,ANTIOQUENO
AntioquenoIphone (22).wav,2122,0.133,0.299,1,3,3,ANTIOQUENO
AntioquenoIphone (23).wav,2123,0.023,0.167,1,3,3,ANTIOQUENO
AntioquenoIphone (24).wav,2124,0.162,0.334,1,3,3,ANTIOQUENO
AntioquenoIphone (25).wav,2125,0.023,0.204,1,3,3,ANTIOQUENO
AntioquenoIphone (26).wav,2126,0.102,0.247,1,3,3,ANTIOQUENO
AntioquenoIphone (27).wav,2127,0.137,0.323,1,3,3,ANTIOQUENO
AntioquenoIphone (28).wav,2128,0.09,0.238,1,3,3,ANTIOQUENO
AntioquenoIphone (29).wav,2129,0.135,0.287,1,3,3,ANTIOQUENO
AntioquenoIphone (30).wav,2130,0.086,0.254,1,3,3,ANTIOQUENO
AntioquenoIphone (31).wav,2131,0.079,0.264,1,3,3,ANTIOQUENO
AntioquenoIphone (32).wav,2132,0.024,0.203,1,3,3,ANTIOQUENO
AntioquenoIphone (33).wav,2133,0.063,0.308,1,3,3,ANTIOQUENO
AntioquenoIphone (34).wav,2134,0.106,0.268,1,3,3,ANTIOQUENO
AntioquenoIphone (35).wav,2135,0.215,0.365,1,3,3,ANTIOQUENO
AntioquenoIphone (36).wav,2136,0.068,0.221,1,3,3,ANTIOQUENO
AntioquenoIphone (37).wav,2137,0.336,0.505,1,3,3,ANTIOQUENO
AntioquenoIphone (38).wav,2138,0.082,0.272,1,3,3,ANTIOQUENO
AntioquenoIphone (39).wav,2139,0.039,0.218,1,3,3,ANTIOQUENO
AntioquenoIphone (40).wav,2140,0.038,0.225,1,3,3,ANTIOQUENO
AntioquenoIphone (41).wav,2141,0.118,0.282,1,3,3,ANTIOQUENO
AntioquenoIphone (42).wav,2142,0.080,0.237,1,3,3,ANTIOQUENO
AntioquenoIphone (43).wav,2143,0.094,0.274,1,3,3,ANTIOQUENO
AntioquenoIphone (44).wav,2144,0.159,0.348,1,3,3,ANTIOQUENO
AntioquenoIphone (45).wav,2145,0.06,0.246,1,3,3,ANTIOQUENO
AntioquenoIphone (46).wav,2146,0.071,0.253,1,3,3,ANTIOQUENO
AntioquenoIphone (47).wav,2147,0.171,0.359,1,3,3,ANTIOQUENO
AntioquenoIphone (48).wav,2148,0.162,0.363,1,3,3,ANTIOQUENO
AntioquenoIphone (49).wav,2149,0.228,0.413,1,3,3,ANTIOQUENO
AntioquenoIphone (50).wav,2150,0.109,0.285,1,3,3,ANTIOQUENO
AntioquenoIphone (51).wav,2151,0.161,0.335,1,3,3,ANTIOQUENO
AntioquenoIphone (52).wav,2152,0.244,0.411,1,3,3,ANTIOQUENO
AntioquenoIphone (53).wav,2153,0.437,0.614,1,3,3,ANTIOQUENO
AntioquenoIphone (54).wav,2154,0.405,0.605,1,3,3,ANTIOQUENO
AntioquenoIphone (55).wav,2155,0.343,0.515,1,3,3,ANTIOQUENO
AntioquenoIphone (56).wav,2156,0.380,0.566,1,3,3,ANTIOQUENO
AntioquenoAgua (1).wav,5001,0.346,0.507,1,6,6,ANTIO-AGUA
AntioquenoAgua (2).wav,5002,0.661,0.82,1,6,6,ANTIO-AGUA
AntioquenoAgua (3).wav,5003,1.063,1.225,1,6,6,ANTIO-AGUA
AntioquenoAgua (4).wav,5004,0.616,0.78,1,6,6,ANTIO-AGUA
AntioquenoAgua (5).wav,5005,0.587,0.749,1,6,6,ANTIO-AGUA
AntioquenoAgua (6).wav,5006,0.372,0.516,1,6,6,ANTIO-AGUA
AntioquenoAgua (7).wav,5007,0.46,0.629,1,6,6,ANTIO-AGUA
AntioquenoAgua (8).wav,5008,0.401,0.553,1,6,6,ANTIO-AGUA
AntioquenoAgua (9).wav,5009,0.394,0.563,1,6,6,ANTIO-AGUA
AntioquenoAgua (10).wav,5010,0.412,0.565,1,6,6,ANTIO-AGUA
AntioquenoAgua (11).wav,5011,0.354,0.507,1,6,6,ANTIO-AGUA
AntioquenoAgua (12).wav,5012,0.376,0.551,1,6,6,ANTIO-AGUA
AntioquenoAgua (13).wav,5013,0.37,0.531,1,6,6,ANTIO-AGUA
AntioquenoAgua (14).wav,5014,0.767,0.93,1,6,6,ANTIO-AGUA
AntioquenoAgua (15).wav,5015,0.627,0.788,1,6,6,ANTIO-AGUA
AntioquenoAgua (16).wav,5016,0.517,0.688,1,6,6,ANTIO-AGUA
AntioquenoAgua (17).wav,5017,0.505,0.674,1,6,6,ANTIO-AGUA
AntioquenoAgua (18).wav,5018,0.505,0.661,1,6,6,ANTIO-AGUA
AntioquenoAgua (19).wav,5019,0.609,0.768,1,6,6,ANTIO-AGUA
AntioquenoAgua (20).wav,5020,0.564,0.713,1,6,6,ANTIO-AGUA
AntioquenoAgua (21).wav,5021,0.575,0.743,1,6,6,ANTIO-AGUA
AntioquenoAgua (22).wav,5022,0.564,0.732,1,6,6,ANTIO-AGUA
AntioquenoAgua (23).wav,5023,0.681,0.846,1,6,6,ANTIO-AGUA
AntioquenoAgua (24).wav,5024,0.562,0.716,1,6,6,ANTIO-AGUA
AntioquenoAgua (25).wav,5025,0.607,0.768,1,6,6,ANTIO-AGUA
AntioquenoAgua (26).wav,5026,0.448,0.606,1,6,6,ANTIO-AGUA
AntioquenoAgua (27).wav,5027,0.535,0.696,1,6,6,ANTIO-AGUA
AntioquenoAgua (28).wav,5028,0.475,0.642,1,6,6,ANTIO-AGUA
AntioquenoAgua (29).wav,5029,0.51,0.681,1,6,6,ANTIO-AGUA
AntioquenoAgua (30).wav,5030,0.332,0.5,1,6,6,ANTIO-AGUA
AntioquenoAgua (31).wav,5031,0.494,0.645,1,6,6,ANTIO-AGUA
AntioquenoAgua (32).wav,5032,0.435,0.59,1,6,6,ANTIO-AGUA
AntioquenoAgua (33).wav,5033,0.36,0.534,1,6,6,ANTIO-AGUA
AntioquenoAgua (34).wav,5034,0.382,0.558,1,6,6,ANTIO-AGUA
AntioquenoAgua (35).wav,5035,0.347,0.507,1,6,6,ANTIO-AGUA
AntioquenoAgua (36).wav,5036,0.378,0.551,1,6,6,ANTIO-AGUA
AntioquenoAgua (37).wav,5037,0.403,0.589,1,6,6,ANTIO-AGUA
AntioquenoAgua (38).wav,5038,0.389,0.576,1,6,6,ANTIO-AGUA
AntioquenoAgua (39).wav,5039,0.425,0.593,1,6,6,ANTIO-AGUA
AntioquenoAgua (40).wav,5040,0.418,0.596,1,6,6,ANTIO-AGUA
AntioquenoAgua (41).wav,5041,0.453,0.615,1,6,6,ANTIO-AGUA
AntioquenoAgua (42).wav,5042,0.46,0.624,1,6,6,ANTIO-AGUA
AntioquenoAgua (43).wav,5043,0.655,0.834,1,6,6,ANTIO-AGUA
AntioquenoAgua (44).wav,5044,0.471,0.636,1,6,6,ANTIO-AGUA
AntioquenoAgua (45).wav,5045,0.46,0.63,1,6,6,ANTIO-AGUA
AntioquenoAgua (46).wav,5046,0.438,0.608,1,6,6,ANTIO-AGUA
AntioquenoAgua (47).wav,5047,0.413,0.567,1,6,6,ANTIO-AGUA
AntioquenoAgua (48).wav,5048,0.532,0.715,1,6,6,ANTIO-AGUA
AntioquenoAgua (49).wav,5049,0.481,0.644,1,6,6,ANTIO-AGUA
AntioquenoAgua (50).wav,5050,0.483,0.645,1,6,6,ANTIO-AGUA
AntioquenoAgua (51).wav,5051,0.436,0.616,1,6,6,ANTIO-AGUA
AntioquenoAgua (52).wav,5052,0.418,0.585,1,6,6,ANTIO-AGUA
AntioquenoAgua (53).wav,5053,0.54,0.703,1,6,6,ANTIO-AGUA
AntioquenoAgua (54).wav,5054,0.407,0.571,1,6,6,ANTIO-AGUA
AntioquenoAgua (55).wav,5055,0.476,0.630,1,6,6,ANTIO-AGUA
AntioquenoAgua (56).wav,5056,0.359,0.523,1,6,6,ANTIO-AGUA
AntioquenoAgua (57).wav,5057,0.273,0.43,1,6,6,ANTIO-AGUA
AntioquenoAgua (58).wav,5058,0.203,0.354,1,6,6,ANTIO-AGUA
AntioquenoAgua (59).wav,5059,0.343,0.505,1,6,6,ANTIO-AGUA
AntioquenoAgua (60).wav,5060,0.283,0.449,1,6,6,ANTIO-AGUA
AntioquenoAgua (61).wav,5061,0.308,0.468,1,6,6,ANTIO-AGUA
AntioquenoAgua (62).wav,5062,0.29,0.475,1,6,6,ANTIO-AGUA
AntioquenoAgua (63).wav,5063,0.731,0.913,1,6,6,ANTIO-AGUA
AntioquenoAgua (64).wav,5064,0.401,0.557,1,6,6,ANTIO-AGUA
AntioquenoAgua (65).wav,5065,0.331,0.485,1,6,6,ANTIO-AGUA
AntioquenoAgua (66).wav,5066,0.394,0.563,1,6,6,ANTIO-AGUA
AntioquenoAgua (67).wav,5067,0.381,0.527,1,6,6,ANTIO-AGUA
AntioquenoAgua (68).wav,5068,0.232,0.386,1,6,6,ANTIO-AGUA
AntioquenoAgua (69).wav,5069,0.354,0.517,1,6,6,ANTIO-AGUA
AntioquenoAgua (70).wav,5070,0.326,0.509,1,6,6,ANTIO-AGUA
AntioquenoAgua (71).wav,5071,0.361,0.515,1,6,6,ANTIO-AGUA
AntioquenoAgua (72).wav,5072,0.397,0.557,1,6,6,ANTIO-AGUA
AntioquenoAgua (73).wav,5073,0.418,0.593,1,6,6,ANTIO-AGUA
AntioquenoAgua (74).wav,5074,0.541,0.717,1,6,6,ANTIO-AGUA
AntioquenoAgua (75).wav,5075,0.412,0.582,1,6,6,ANTIO-AGUA
AntioquenoAgua (76).wav,5076,0.412,0.595,1,6,6,ANTIO-AGUA
AntioquenoAgua (77).wav,5077,0.35,0.515,1,6,6,ANTIO-AGUA
AntioquenoAgua (78).wav,5078,0.39,0.563,1,6,6,ANTIO-AGUA
AntioquenoAgua (79).wav,5079,0.627,0.798,1,6,6,ANTIO-AGUA
AntioquenoAgua (80).wav,5080,0.558,0.727,1,6,6,ANTIO-AGUA
AntioquenoAgua (81).wav,5081,0.455,0.628,1,6,6,ANTIO-AGUA
AntioquenoAgua (82).wav,5082,0.505,0.677,1,6,6,ANTIO-AGUA
AntioquenoAgua (83).wav,5083,0.557,0.749,1,6,6,ANTIO-AGUA
AntioquenoAgua (84).wav,5084,0.598,0.782,1,6,6,ANTIO-AGUA
AntioquenoAgua (85).wav,5085,0.471,0.638,1,6,6,ANTIO-AGUA
AntioquenoAgua (86).wav,5086,0.403,0.572,1,6,6,ANTIO-AGUA
AntioquenoAgua (87).wav,5087,0.5,0.673,1,6,6,ANTIO-AGUA
AntioquenoAgua (88).wav,5088,0.568,0.768,1,6,6,ANTIO-AGUA
AntioquenoAgua (89).wav,5089,0.543,0.718,1,6,6,ANTIO-AGUA
AntioquenoAgua (90).wav,5090,0.697,0.861,1,6,6,ANTIO-AGUA
AntioquenoAgua (91).wav,5091,0.651,0.829,1,6,6,ANTIO-AGUA
AntioquenoAgua (92).wav,5092,0.71,0.886,1,6,6,ANTIO-AGUA
AntioquenoAgua (93).wav,5093,0.459,0.616,1,6,6,ANTIO-AGUA
AntioquenoAgua (94).wav,5094,0.529,0.692,1,6,6,ANTIO-AGUA
AntioquenoAgua (95).wav,5095,0.572,0.732,1,6,6,ANTIO-AGUA
AntioquenoAgua (96).wav,5096,0.656,0.829,1,6,6,ANTIO-AGUA
AntioquenoAgua (97).wav,5097,0.588,0.747,1,6,6,ANTIO-AGUA
AntioquenoAgua (98).wav,5098,0.29,0.445,1,6,6,ANTIO-AGUA
AntioquenoAgua (99).wav,5099,0.325,0.484,1,6,6,ANTIO-AGUA
AntioquenoAgua (100).wav,5100,0.33,0.494,1,6,6,ANTIO-AGUA
AntioquenoAgua (101).wav,5101,0.391,0.554,1,6,6,ANTIO-AGUA
